,angleX,angleY,angleZ,Time,Label
0,-1,24,43,12:25:29,Long Standing
1,0,25,42,12:25:30,Long Standing
2,0,24,42,12:25:30,Long Standing
3,1,24,44,12:25:31,Long Standing
4,14,6,47,12:25:31,Long Standing
5,12,6,45,12:25:32,Long Standing
6,9,26,47,12:25:34,Long Standing
7,26,-34,13,12:25:35,Long Standing
8,-29,-20,37,12:25:35,Long Standing
9,-42,-11,15,12:25:36,Long Standing
10,-46,-10,15,12:25:36,Long Standing
11,-44,-13,20,12:25:37,Long Standing
12,-46,-26,20,12:25:37,Long Standing
13,-43,-11,16,12:25:38,Long Standing
14,-45,-9,11,12:25:38,Long Standing
15,-46,-6,15,12:25:39,Long Standing
16,-46,-12,12,12:25:39,Long Standing
17,-46,-14,6,12:25:40,Long Standing
18,-47,-14,7,12:25:40,Long Standing
19,-47,-13,5,12:25:41,Long Standing
20,-48,-12,1,12:25:41,Long Standing
21,-49,-12,5,12:25:42,Long Standing
22,-46,-16,5,12:25:42,Long Standing
23,-47,-15,5,12:25:43,Long Standing
24,-46,-17,6,12:25:43,Long Standing
25,-46,-16,4,12:25:44,Long Standing
26,-46,-15,4,12:25:44,Long Standing
27,-46,-15,5,12:25:45,Long Standing
28,-46,-16,5,12:25:45,Long Standing
29,-46,-15,6,12:25:46,Long Standing
30,-46,-17,7,12:25:46,Long Standing
31,-47,-16,6,12:25:47,Long Standing
32,-47,-16,5,12:25:47,Long Standing
33,-46,-16,5,12:25:48,Long Standing
34,-47,-15,4,12:25:48,Long Standing
35,-46,-15,5,12:25:49,Long Standing
36,-45,-16,6,12:25:49,Long Standing
37,-45,-16,7,12:25:50,Long Standing
38,-46,-16,9,12:25:50,Long Standing
39,-34,-10,18,12:25:51,Long Standing
40,-18,38,27,12:25:51,Long Standing
41,-5,45,-9,12:25:52,Bowing
42,-9,46,-10,12:25:53,Bowing
43,-8,47,-8,12:25:53,Bowing
44,-7,29,19,12:25:54,Bowing
45,0,42,17,12:25:55,Short Standing
46,0,31,13,12:25:55,Short Standing
47,-15,37,35,12:25:56,Short Standing
48,-6,15,36,12:25:56,Short Standing
49,-24,29,39,12:25:57,1st Prostration
50,-27,13,36,12:25:57,1st Prostration
51,-30,13,38,12:25:58,1st Prostration
52,-30,13,37,12:25:58,1st Prostration
53,-34,13,38,12:25:59,1st Prostration
54,-24,29,30,12:25:59,1st Prostration
55,-13,29,37,12:26:00,Short Sitting
56,-15,30,35,12:26:00,Short Sitting
57,-7,30,37,12:26:01,Short Sitting
58,-44,40,50,12:26:01,Short Sitting
59,-21,15,43,12:26:02,2nd Prostration
60,-22,14,42,12:26:02,2nd Prostration
61,-24,14,41,12:26:03,2nd Prostration
62,-21,18,43,12:26:03,2nd Prostration
63,-7,45,18,12:26:04,2nd Prostration
64,-3,46,11,12:26:04,2nd Prostration
65,-1,47,40,12:26:05,Long Standing
66,9,-7,23,12:26:05,Long Standing
67,-9,-17,44,12:26:06,Long Standing
68,-50,-10,11,12:26:06,Long Standing
69,-48,-12,0,12:26:07,Long Standing
70,-47,-15,5,12:26:07,Long Standing
71,-46,-15,4,12:26:08,Long Standing
72,-48,-15,3,12:26:09,Long Standing
73,-46,-16,5,12:26:09,Long Standing
74,-45,-17,7,12:26:10,Long Standing
75,-45,-17,8,12:26:10,Long Standing
76,-46,-17,8,12:26:11,Long Standing
77,-46,-17,7,12:26:11,Long Standing
78,-46,-16,5,12:26:12,Long Standing
79,-46,-16,5,12:26:12,Long Standing
80,-46,-16,5,12:26:13,Long Standing
81,-47,-16,5,12:26:13,Long Standing
82,-46,-16,6,12:26:14,Long Standing
83,-46,-16,7,12:26:14,Long Standing
84,-46,-17,8,12:26:15,Long Standing
85,-45,-18,8,12:26:15,Long Standing
86,-45,-18,9,12:26:16,Long Standing
87,-44,-16,10,12:26:16,Long Standing
88,-42,-14,14,12:26:17,Long Standing
89,-21,40,19,12:26:17,Long Standing
90,-11,47,-1,12:26:18,Bowing
91,-5,43,-10,12:26:18,Bowing
92,-7,43,-14,12:26:19,Bowing
93,0,47,3,12:26:20,Short Standing
94,14,50,27,12:26:20,Short Standing
95,5,44,15,12:26:21,Short Standing
96,0,30,5,12:26:21,Short Standing
97,-15,32,27,12:26:22,1st Prostration
98,-19,31,34,12:26:22,1st Prostration
99,-32,24,39,12:26:23,1st Prostration
100,-32,12,38,12:26:23,1st Prostration
101,-31,12,36,12:26:24,1st Prostration
102,-33,11,36,12:26:24,1st Prostration
103,-33,13,39,12:26:25,1st Prostration
104,-28,16,39,12:26:25,1st Prostration
105,-6,17,41,12:26:26,Short Sitting
106,-7,19,42,12:26:26,Short Sitting
107,-21,32,38,12:26:27,2nd Prostration
108,-30,14,39,12:26:27,2nd Prostration
109,-33,15,36,12:26:28,2nd Prostration
110,-33,14,34,12:26:28,2nd Prostration
111,-33,14,34,12:26:29,2nd Prostration
112,-31,15,36,12:26:29,2nd Prostration
113,-31,31,35,12:26:30,2nd Prostration
114,-11,19,43,12:26:31,Long Sitting
115,-13,22,42,12:26:31,Long Sitting
116,-12,23,42,12:26:32,Long Sitting
117,-12,23,42,12:26:32,Long Sitting
118,-12,23,42,12:26:33,Long Sitting
119,-13,23,43,12:26:33,Long Sitting
120,-13,23,42,12:26:34,Long Sitting
121,-12,23,42,12:26:34,Long Sitting
122,-14,19,44,12:26:35,Long Standing
123,-19,32,30,12:26:35,Long Standing
124,-9,41,6,12:26:36,Long Standing
125,-2,40,24,12:26:36,Long Standing
126,3,47,30,12:26:37,Long Standing
127,-2,38,41,12:26:37,Long Standing
128,0,14,40,12:26:38,Long Standing
129,5,-11,45,12:26:38,Long Standing
130,-41,-11,20,12:26:39,Long Standing
131,-50,-12,0,12:26:39,Long Standing
132,-45,-16,5,12:26:40,Long Standing
133,-47,-17,6,12:26:40,Long Standing
134,-46,-17,4,12:26:41,Long Standing
135,-47,-15,0,12:26:41,Long Standing
136,-47,-16,-1,12:26:42,Long Standing
137,-46,-18,2,12:26:42,Long Standing
138,-45,-19,4,12:26:43,Long Standing
139,-46,-19,5,12:26:43,Long Standing
140,-45,-19,6,12:26:44,Long Standing
141,-45,-19,5,12:26:44,Long Standing
142,-45,-19,4,12:26:45,Long Standing
143,-45,-18,3,12:26:45,Long Standing
144,-46,-18,2,12:26:46,Long Standing
145,-46,-18,3,12:26:46,Long Standing
146,-45,-18,2,12:26:47,Long Standing
147,-46,-18,2,12:26:47,Long Standing
148,-46,-18,3,12:26:48,Long Standing
149,-45,-18,4,12:26:48,Long Standing
150,-43,-14,18,12:26:49,Long Standing
151,-6,49,-8,12:26:50,Bowing
152,-9,45,-12,12:26:50,Bowing
153,-9,45,-12,12:26:51,Bowing
154,0,38,4,12:26:52,Short Standing
155,1,40,19,12:26:53,Short Standing
156,-9,37,26,12:26:53,Short Standing
157,-16,32,16,12:26:54,1st Prostration
158,-28,9,41,12:26:55,1st Prostration
159,-27,12,39,12:26:55,1st Prostration
160,-27,13,40,12:26:56,1st Prostration
161,-26,13,40,12:26:56,1st Prostration
162,-30,25,37,12:26:57,Short Sitting
163,-4,16,39,12:26:57,Short Sitting
164,-6,16,45,12:26:58,Short Sitting
165,-21,29,33,12:26:58,Short Sitting
166,-25,12,42,12:26:59,2nd Prostration
167,-27,13,39,12:26:59,2nd Prostration
168,-27,13,40,12:27:00,2nd Prostration
169,-26,14,40,12:27:00,2nd Prostration
170,-28,18,46,12:27:01,2nd Prostration
171,-12,10,44,12:27:01,2nd Prostration
172,-7,24,41,12:27:02,2nd Prostration
173,-8,24,44,12:27:02,2nd Prostration
174,-10,21,42,12:27:03,Long Sitting
175,-10,22,44,12:27:03,Long Sitting
176,-9,23,44,12:27:04,Long Sitting
177,-9,22,43,12:27:04,Long Sitting
178,-9,23,44,12:27:05,Long Sitting
179,-9,22,44,12:27:05,Long Sitting
180,-9,22,43,12:27:06,Long Sitting
181,-9,23,44,12:27:06,Long Sitting
182,-9,22,44,12:27:07,Long Sitting
183,-9,23,43,12:27:07,Long Sitting
184,-9,22,43,12:27:08,Long Sitting
185,-9,22,43,12:27:08,Long Sitting
186,-9,22,43,12:27:09,Long Sitting
187,-9,22,43,12:27:09,Long Sitting
188,-9,22,43,12:27:10,Long Sitting
189,-9,22,43,12:27:10,Long Sitting
190,-9,23,43,12:27:11,Long Sitting
191,-9,23,44,12:27:11,Long Sitting
192,-9,23,43,12:27:12,Long Sitting
193,-9,22,44,12:27:12,Long Sitting
194,-9,22,43,12:27:13,Long Sitting
195,-9,22,44,12:27:13,Long Sitting
196,-9,22,43,12:27:14,Long Sitting
197,-9,23,43,12:27:14,Long Sitting
198,-9,22,44,12:27:15,Long Sitting
199,-9,22,43,12:27:15,Long Sitting
200,-10,21,44,12:27:16,Long Sitting
201,-10,21,44,12:27:16,Long Sitting
202,-10,22,44,12:27:17,StartEnd
203,-8,21,45,12:27:17,StartEnd
204,-5,25,42,12:27:18,StartEnd
205,-4,25,43,12:27:18,StartEnd
206,7,8,46,12:27:19,StartEnd
207,12,0,49,12:27:20,StartEnd
208,11,-1,50,12:27:20,StartEnd
209,10,-2,50,12:27:21,StartEnd
210,11,-1,49,12:27:21,StartEnd
211,10,0,48,12:27:22,StartEnd
212,7,0,50,12:27:22,StartEnd
