,angleX,angleY,angleZ,Time,Label
0,-5,7,50,12:43:54,Long Standing
1,-4,7,50,12:43:54,Long Standing
2,-18,-20,46,12:43:55,Long Standing
3,12,-41,26,12:43:56,Long Standing
4,13,-36,23,12:43:56,Long Standing
5,-1,22,47,12:43:57,Long Standing
6,-3,24,46,12:43:58,Long Standing
7,-14,-17,43,12:43:59,Long Standing
8,-11,-4,48,12:44:00,Long Standing
9,-13,-23,31,12:44:00,Long Standing
10,-19,-29,38,12:44:01,Long Standing
11,-25,-21,26,12:44:01,Long Standing
12,-29,-26,27,12:44:02,Long Standing
13,-32,-23,31,12:44:02,Long Standing
14,-31,-24,31,12:44:03,Long Standing
15,-33,-25,29,12:44:03,Long Standing
16,-33,-25,29,12:44:04,Long Standing
17,-33,-26,29,12:44:04,Long Standing
18,-33,-25,28,12:44:05,Long Standing
19,-34,-26,27,12:44:05,Long Standing
20,-34,-26,27,12:44:06,Long Standing
21,-35,-26,27,12:44:06,Long Standing
22,-34,-27,26,12:44:07,Long Standing
23,-34,-25,26,12:44:07,Long Standing
24,-34,-25,26,12:44:08,Long Standing
25,-34,-26,26,12:44:08,Long Standing
26,-34,-26,26,12:44:09,Long Standing
27,-34,-26,26,12:44:09,Long Standing
28,-34,-26,25,12:44:10,Long Standing
29,-36,-26,26,12:44:10,Long Standing
30,-34,-26,26,12:44:11,Long Standing
31,-35,-27,25,12:44:11,Long Standing
32,-35,-26,25,12:44:12,Long Standing
33,-35,-26,26,12:44:12,Long Standing
34,-35,-26,25,12:44:13,Long Standing
35,-35,-26,25,12:44:13,Long Standing
36,-34,-26,25,12:44:14,Long Standing
37,-35,-26,25,12:44:14,Long Standing
38,-35,-26,26,12:44:15,Long Standing
39,-35,-25,26,12:44:15,Long Standing
40,-35,-25,26,12:44:16,Long Standing
41,-35,-21,28,12:44:16,Long Standing
42,-47,-21,27,12:44:17,Long Standing
43,-29,39,34,12:44:17,Long Standing
44,-15,48,1,12:44:18,Bowing
45,-16,45,-3,12:44:18,Bowing
46,-22,42,4,12:44:19,Bowing
47,-23,45,6,12:44:19,Bowing
48,-32,42,17,12:44:20,Bowing
49,-16,45,2,12:44:20,Bowing
50,-17,45,-1,12:44:21,Bowing
51,-15,44,-2,12:44:21,Bowing
52,-16,44,-3,12:44:22,Bowing
53,-16,44,-2,12:44:22,Bowing
54,-11,42,6,12:44:23,Bowing
55,-4,42,6,12:44:24,Short Standing
56,-6,47,10,12:44:24,Short Standing
57,-7,46,12,12:44:25,Short Standing
58,-6,46,10,12:44:25,Short Standing
59,-8,46,13,12:44:26,Short Standing
60,-7,46,12,12:44:26,Short Standing
61,-7,45,11,12:44:27,Short Standing
62,-6,46,12,12:44:27,Short Standing
63,-13,46,5,12:44:28,Short Standing
64,-11,48,14,12:44:28,Short Standing
65,-13,41,16,12:44:29,Short Standing
66,-3,32,14,12:44:29,Short Standing
67,-22,36,17,12:44:30,Short Standing
68,-17,45,15,12:44:31,1st Prostration
69,-5,28,45,12:44:31,1st Prostration
70,-13,16,45,12:44:32,1st Prostration
71,-24,16,41,12:44:32,1st Prostration
72,-20,28,38,12:44:33,1st Prostration
73,-30,3,45,12:44:33,1st Prostration
74,-33,-1,39,12:44:34,1st Prostration
75,-32,-1,39,12:44:34,1st Prostration
76,-32,-1,38,12:44:35,1st Prostration
77,-32,-1,39,12:44:35,1st Prostration
78,-32,-1,39,12:44:36,1st Prostration
79,-32,-1,39,12:44:36,1st Prostration
80,-32,-1,39,12:44:37,1st Prostration
81,-33,-1,39,12:44:37,1st Prostration
82,-32,-2,39,12:44:38,1st Prostration
83,-33,-1,38,12:44:38,1st Prostration
84,-20,9,42,12:44:39,1st Prostration
85,-22,35,31,12:44:40,Short Sitting
86,-12,26,33,12:44:40,Short Sitting
87,-14,23,44,12:44:41,Short Sitting
88,-11,18,44,12:44:41,Short Sitting
89,-26,18,36,12:44:42,2nd Prostration
90,-10,7,34,12:44:42,2nd Prostration
91,-30,0,44,12:44:43,2nd Prostration
92,-30,-1,41,12:44:43,2nd Prostration
93,-30,-1,41,12:44:44,2nd Prostration
94,-30,-1,41,12:44:44,2nd Prostration
95,-30,-1,41,12:44:45,2nd Prostration
96,-30,-1,41,12:44:45,2nd Prostration
97,-30,-1,41,12:44:46,2nd Prostration
98,-31,-1,40,12:44:46,2nd Prostration
99,-24,10,45,12:44:47,2nd Prostration
100,-15,24,37,12:44:47,2nd Prostration
101,-10,17,42,12:44:48,2nd Prostration
102,-12,20,42,12:44:48,2nd Prostration
103,-13,19,45,12:44:49,2nd Prostration
104,-14,20,35,12:44:49,2nd Prostration
105,-38,41,26,12:44:50,2nd Prostration
106,-16,42,15,12:44:50,2nd Prostration
107,-2,39,6,12:44:51,2nd Prostration
108,-4,43,12,12:44:51,2nd Prostration
109,-15,30,30,12:44:52,2nd Prostration
110,-22,23,39,12:44:52,2nd Prostration
111,-29,24,37,12:44:53,2nd Prostration
112,-17,15,36,12:44:53,2nd Prostration
113,-11,-25,38,12:44:54,2nd Prostration
114,-10,-12,44,12:44:55,2nd Prostration
115,-4,-23,40,12:44:56,Long Standing
116,1,-19,44,12:44:56,Long Standing
117,-6,-15,48,12:44:57,Long Standing
118,-9,-22,44,12:44:57,Long Standing
119,-27,-19,39,12:44:58,Long Standing
120,-34,-23,30,12:44:58,Long Standing
121,-33,-23,27,12:44:59,Long Standing
122,-35,-24,27,12:44:59,Long Standing
123,-35,-25,27,12:45:00,Long Standing
124,-35,-25,26,12:45:00,Long Standing
125,-36,-24,26,12:45:01,Long Standing
126,-36,-25,26,12:45:01,Long Standing
127,-35,-26,25,12:45:02,Long Standing
128,-35,-25,25,12:45:02,Long Standing
129,-36,-25,25,12:45:03,Long Standing
130,-37,-26,24,12:45:03,Long Standing
131,-37,-24,23,12:45:04,Long Standing
132,-36,-25,24,12:45:04,Long Standing
133,-36,-25,23,12:45:05,Long Standing
134,-37,-25,24,12:45:05,Long Standing
135,-36,-24,23,12:45:06,Long Standing
136,-37,-25,23,12:45:06,Long Standing
137,-36,-26,23,12:45:07,Long Standing
138,-36,-26,23,12:45:07,Long Standing
139,-36,-26,23,12:45:08,Long Standing
140,-37,-25,23,12:45:08,Long Standing
141,-37,-26,23,12:45:09,Long Standing
142,-37,-25,22,12:45:09,Long Standing
143,-37,-25,22,12:45:10,Long Standing
144,-37,-25,23,12:45:10,Long Standing
145,-37,-24,23,12:45:11,Long Standing
146,-37,-25,23,12:45:11,Long Standing
147,-37,-25,23,12:45:12,Long Standing
148,-37,-25,22,12:45:12,Long Standing
149,-37,-25,22,12:45:13,Long Standing
150,-37,-26,23,12:45:13,Long Standing
151,-37,-26,22,12:45:14,Long Standing
152,-38,-26,21,12:45:14,Long Standing
153,-39,-23,23,12:45:15,Long Standing
154,-40,-22,23,12:45:15,Long Standing
155,-34,25,26,12:45:16,Long Standing
156,-31,46,7,12:45:17,Bowing
157,-21,41,2,12:45:17,Bowing
158,-18,42,-2,12:45:18,Bowing
159,-23,42,0,12:45:18,Bowing
160,-21,41,-5,12:45:19,Bowing
161,-20,42,-4,12:45:19,Bowing
162,-22,41,-3,12:45:20,Bowing
163,-21,42,-3,12:45:20,Bowing
164,-16,46,-1,12:45:21,Short Standing
165,-6,42,7,12:45:21,Short Standing
166,-10,46,11,12:45:22,Short Standing
167,-11,46,14,12:45:22,Short Standing
168,-10,45,13,12:45:23,Short Standing
169,-10,44,13,12:45:23,Short Standing
170,-10,46,12,12:45:24,Short Standing
171,-11,45,11,12:45:24,Short Standing
172,-11,44,11,12:45:25,Short Standing
173,-12,45,12,12:45:25,Short Standing
174,-11,45,10,12:45:26,Short Standing
175,-12,44,9,12:45:26,Short Standing
176,-12,45,9,12:45:27,Short Standing
177,-11,45,10,12:45:27,Short Standing
178,-11,45,9,12:45:28,Short Standing
179,-11,45,8,12:45:28,Short Standing
180,-11,45,9,12:45:29,Short Standing
181,-11,44,5,12:45:29,Short Standing
182,-8,46,7,12:45:30,Short Standing
183,-9,43,16,12:45:30,Short Standing
184,-19,45,11,12:45:31,Short Standing
185,-22,29,6,12:45:31,Short Standing
186,-23,33,28,12:45:32,1st Prostration
187,-11,21,45,12:45:32,1st Prostration
188,-26,31,20,12:45:33,1st Prostration
189,-22,38,17,12:45:33,1st Prostration
190,-15,17,42,12:45:34,1st Prostration
191,-17,13,44,12:45:34,1st Prostration
192,-21,17,40,12:45:35,1st Prostration
193,-31,-3,39,12:45:36,1st Prostration
194,-31,-4,40,12:45:36,1st Prostration
195,-31,-4,40,12:45:37,1st Prostration
196,-31,-3,39,12:45:37,1st Prostration
197,-31,-4,40,12:45:38,1st Prostration
198,-31,-4,39,12:45:38,1st Prostration
199,-32,-4,39,12:45:39,1st Prostration
200,-32,-4,39,12:45:39,1st Prostration
201,-32,-4,39,12:45:40,1st Prostration
202,-32,-5,39,12:45:40,1st Prostration
203,-32,-5,39,12:45:41,1st Prostration
204,-35,-4,39,12:45:41,1st Prostration
205,-23,2,50,12:45:42,Short Sitting
206,-14,34,17,12:45:42,Short Sitting
207,-14,13,44,12:45:43,Short Sitting
208,-16,16,44,12:45:43,Short Sitting
209,-15,14,45,12:45:44,Short Sitting
210,-14,10,42,12:45:44,Short Sitting
211,-21,20,31,12:45:45,Short Sitting
212,-24,1,45,12:45:45,Short Sitting
213,-29,-2,42,12:45:46,2nd Prostration
214,-29,-3,41,12:45:46,2nd Prostration
215,-30,-3,41,12:45:47,2nd Prostration
216,-30,-3,41,12:45:47,2nd Prostration
217,-30,-3,41,12:45:48,2nd Prostration
218,-30,-3,41,12:45:48,2nd Prostration
219,-30,-3,41,12:45:49,2nd Prostration
220,-30,-3,41,12:45:49,2nd Prostration
221,-22,3,50,12:45:50,2nd Prostration
222,-16,16,40,12:45:51,Long Sitting
223,-9,10,46,12:45:51,Long Sitting
224,-21,16,42,12:45:52,Long Sitting
225,-20,13,42,12:45:52,Long Sitting
226,-21,11,45,12:45:53,Long Sitting
227,-19,12,45,12:45:53,Long Sitting
228,-18,12,45,12:45:54,Long Sitting
229,-20,13,45,12:45:54,Long Sitting
230,-19,13,44,12:45:55,Long Sitting
231,-18,13,45,12:45:55,Long Sitting
232,-18,13,45,12:45:56,Long Sitting
233,-18,13,45,12:45:56,Long Sitting
234,-19,13,45,12:45:57,Long Sitting
235,-19,13,45,12:45:57,Long Sitting
236,-18,13,45,12:45:58,Long Sitting
237,-19,13,45,12:45:58,Long Sitting
238,-19,12,45,12:45:59,Long Sitting
239,-19,13,45,12:45:59,Long Sitting
240,-18,13,45,12:46:00,Long Sitting
241,-19,12,45,12:46:00,Long Sitting
242,-19,12,45,12:46:01,Long Sitting
243,-19,13,45,12:46:01,Long Sitting
244,-19,12,45,12:46:02,Long Sitting
245,-19,13,45,12:46:02,Long Sitting
246,-17,14,45,12:46:03,Long Sitting
247,-19,13,45,12:46:03,Long Sitting
248,-19,13,45,12:46:04,Long Sitting
249,-16,14,45,12:46:04,Long Sitting
250,-18,14,44,12:46:05,Long Sitting
251,-19,13,45,12:46:05,Long Sitting
252,-19,13,45,12:46:06,Long Sitting
253,-17,13,45,12:46:06,Long Sitting
254,-19,13,45,12:46:07,Long Sitting
255,-18,14,45,12:46:07,Long Sitting
256,-18,13,45,12:46:08,Long Sitting
257,-18,13,45,12:46:08,Long Sitting
258,-18,13,45,12:46:09,Long Sitting
259,-18,13,45,12:46:09,Long Sitting
260,-18,13,45,12:46:10,Long Sitting
261,-18,13,45,12:46:10,Long Sitting
262,-18,13,45,12:46:11,Long Sitting
263,-18,14,45,12:46:11,Long Sitting
264,-18,14,45,12:46:12,Long Sitting
265,-18,13,45,12:46:12,Long Sitting
266,-18,14,45,12:46:13,Long Sitting
267,-19,19,42,12:46:13,Long Sitting
268,-17,17,45,12:46:14,Long Sitting
269,-8,44,34,12:46:14,Long Sitting
270,-19,37,13,12:46:15,Long Sitting
271,-17,43,10,12:46:15,Long Sitting
272,-6,44,37,12:46:16,Long Standing
273,-15,41,29,12:46:17,Long Standing
274,-8,23,44,12:46:17,Long Standing
275,-9,-9,45,12:46:18,Long Standing
276,-18,-26,29,12:46:18,Long Standing
277,-23,-32,20,12:46:19,Long Standing
278,-26,-30,26,12:46:19,Long Standing
279,-32,-31,25,12:46:20,Long Standing
280,-32,-30,26,12:46:20,Long Standing
281,-33,-30,25,12:46:21,Long Standing
282,-35,-31,23,12:46:21,Long Standing
283,-34,-31,22,12:46:22,Long Standing
284,-34,-30,22,12:46:22,Long Standing
285,-35,-31,23,12:46:23,Long Standing
286,-33,-31,22,12:46:23,Long Standing
287,-34,-30,22,12:46:24,Long Standing
288,-34,-29,21,12:46:24,Long Standing
289,-38,-29,22,12:46:25,Long Standing
290,-43,-23,21,12:46:25,Long Standing
291,-40,-27,20,12:46:26,Long Standing
292,-33,-29,22,12:46:26,Long Standing
293,-37,-35,30,12:46:27,Long Standing
294,-33,-30,21,12:46:27,Long Standing
295,-35,-30,21,12:46:28,Long Standing
296,-34,-30,21,12:46:28,Long Standing
297,-34,-30,20,12:46:29,Long Standing
298,-35,-30,20,12:46:29,Long Standing
299,-35,-30,20,12:46:30,Long Standing
300,-36,-31,19,12:46:30,Long Standing
301,-36,-31,18,12:46:31,Long Standing
302,-36,-31,18,12:46:31,Long Standing
303,-35,-31,17,12:46:32,Long Standing
304,-35,-31,18,12:46:32,Long Standing
305,-40,-22,24,12:46:33,Long Standing
306,-11,46,16,12:46:33,Long Standing
307,-26,43,1,12:46:34,Bowing
308,-18,40,-5,12:46:34,Bowing
309,-18,40,-2,12:46:35,Bowing
310,-19,41,-4,12:46:35,Bowing
311,-21,43,-4,12:46:36,Bowing
312,-10,42,2,12:46:36,Bowing
313,-14,44,18,12:46:37,Bowing
314,-7,45,11,12:46:37,Bowing
315,-17,43,12,12:46:38,Bowing
316,-22,39,23,12:46:38,Bowing
317,-13,21,21,12:46:39,Bowing
318,-24,39,40,12:46:39,Bowing
319,-19,34,24,12:46:40,Short Standing
320,-19,45,9,12:46:40,Short Standing
321,-20,34,28,12:46:41,1st Prostration
322,-14,21,43,12:46:41,1st Prostration
323,-21,16,42,12:46:42,1st Prostration
324,-24,26,34,12:46:42,1st Prostration
325,-31,-3,42,12:46:43,1st Prostration
326,-32,-5,38,12:46:43,1st Prostration
327,-32,-5,38,12:46:44,1st Prostration
328,-33,-5,38,12:46:44,1st Prostration
329,-33,-5,38,12:46:45,1st Prostration
330,-33,-5,38,12:46:45,1st Prostration
331,-33,-5,39,12:46:46,1st Prostration
332,-27,11,44,12:46:46,1st Prostration
333,-13,10,15,12:46:47,Short Sitting
334,-13,16,44,12:46:47,Short Sitting
335,-17,16,44,12:46:48,Short Sitting
336,-19,15,44,12:46:48,Short Sitting
337,-20,14,44,12:46:49,Short Sitting
338,-11,27,36,12:46:49,Short Sitting
339,-16,12,44,12:46:50,2nd Prostration
340,-34,-7,41,12:46:50,2nd Prostration
341,-31,-4,39,12:46:51,2nd Prostration
342,-32,-5,39,12:46:51,2nd Prostration
343,-31,-5,39,12:46:52,2nd Prostration
344,-32,-5,38,12:46:52,2nd Prostration
345,-13,12,44,12:46:53,2nd Prostration
346,-10,19,46,12:46:54,2nd Prostration
347,-13,17,46,12:46:54,2nd Prostration
348,-17,19,43,12:46:55,2nd Prostration
349,-22,40,14,12:46:56,2nd Prostration
350,-19,41,16,12:46:56,2nd Prostration
351,-5,46,23,12:46:57,Long Standing
352,-17,36,26,12:46:57,Long Standing
353,-19,25,39,12:46:58,Long Standing
354,-4,5,48,12:46:58,Long Standing
355,-23,-15,38,12:46:59,Long Standing
356,-42,-26,39,12:46:59,Long Standing
357,-33,-26,28,12:47:00,Long Standing
358,-36,-23,27,12:47:00,Long Standing
359,-34,-25,27,12:47:01,Long Standing
360,-35,-24,26,12:47:01,Long Standing
361,-37,-26,25,12:47:02,Long Standing
362,-36,-25,25,12:47:02,Long Standing
363,-35,-25,25,12:47:03,Long Standing
364,-35,-26,26,12:47:03,Long Standing
365,-35,-25,24,12:47:04,Long Standing
366,-36,-26,24,12:47:04,Long Standing
367,-36,-26,23,12:47:05,Long Standing
368,-38,-26,23,12:47:05,Long Standing
369,-36,-28,26,12:47:06,Long Standing
370,-33,-26,26,12:47:06,Long Standing
371,-37,-22,27,12:47:07,Long Standing
372,-35,-27,21,12:47:07,Long Standing
373,-37,-26,21,12:47:08,Long Standing
374,-36,-27,20,12:47:08,Long Standing
375,-37,-27,21,12:47:09,Long Standing
376,-38,-27,20,12:47:09,Long Standing
377,-37,-28,18,12:47:10,Long Standing
378,-37,-27,19,12:47:10,Long Standing
379,-37,-27,18,12:47:11,Long Standing
380,-37,-28,19,12:47:11,Long Standing
381,-38,-27,18,12:47:12,Long Standing
382,-38,-27,18,12:47:12,Long Standing
383,-37,-28,19,12:47:13,Long Standing
384,-37,-28,19,12:47:13,Long Standing
385,-38,-28,19,12:47:14,Long Standing
386,-37,-28,18,12:47:14,Long Standing
387,-38,-28,18,12:47:15,Long Standing
388,-38,-27,18,12:47:15,Long Standing
389,-36,-4,16,12:47:16,Long Standing
390,-25,46,-2,12:47:17,Bowing
391,-24,39,-8,12:47:17,Bowing
392,-22,42,-7,12:47:18,Bowing
393,-7,42,-4,12:47:19,Bowing
394,-9,48,17,12:47:19,Bowing
395,-11,44,9,12:47:20,Short Standing
396,-10,45,7,12:47:20,Short Standing
397,-11,44,11,12:47:21,Short Standing
398,-11,44,11,12:47:21,Short Standing
399,-12,45,12,12:47:22,Short Standing
400,-12,45,10,12:47:22,Short Standing
401,-20,50,15,12:47:23,Short Standing
402,-13,15,6,12:47:23,Short Standing
403,-35,29,30,12:47:24,1st Prostration
404,-37,16,38,12:47:24,1st Prostration
405,-17,34,31,12:47:25,1st Prostration
406,-5,12,44,12:47:26,1st Prostration
407,-18,10,41,12:47:26,1st Prostration
408,-36,-6,39,12:47:27,1st Prostration
409,-34,-6,37,12:47:28,1st Prostration
410,-33,-6,38,12:47:28,1st Prostration
411,-33,-6,38,12:47:29,1st Prostration
412,-33,-6,37,12:47:29,1st Prostration
413,-32,-3,41,12:47:30,1st Prostration
414,-19,16,46,12:47:31,Short Sitting
415,-18,16,45,12:47:31,Short Sitting
416,-16,14,45,12:47:32,Short Sitting
417,-16,17,35,12:47:32,Short Sitting
418,-3,40,49,12:47:33,Short Sitting
419,-24,2,44,12:47:33,Short Sitting
420,-29,-4,42,12:47:34,2nd Prostration
421,-28,-4,42,12:47:34,2nd Prostration
422,-28,-4,42,12:47:35,2nd Prostration
423,-28,-4,42,12:47:35,2nd Prostration
424,-31,-5,41,12:47:36,2nd Prostration
425,-23,9,47,12:47:36,2nd Prostration
426,-18,13,45,12:47:37,2nd Prostration
427,-20,10,44,12:47:38,StartEnd
428,-19,17,41,12:47:38,StartEnd
429,-19,13,43,12:47:39,StartEnd
430,-23,11,42,12:47:39,StartEnd
431,-24,11,43,12:47:40,StartEnd
432,-24,10,43,12:47:40,StartEnd
433,-25,10,44,12:47:41,StartEnd
434,-23,11,45,12:47:41,StartEnd
435,-22,14,44,12:47:42,StartEnd
436,-20,7,45,12:47:42,StartEnd
437,-24,9,43,12:47:43,StartEnd
438,-23,9,44,12:47:43,StartEnd
439,-22,10,44,12:47:44,StartEnd
440,-22,11,44,12:47:44,StartEnd
441,-22,13,43,12:47:45,StartEnd
442,-22,12,44,12:47:45,StartEnd
443,-22,11,44,12:47:46,StartEnd
444,-22,11,44,12:47:46,StartEnd
445,-22,11,44,12:47:47,StartEnd
446,-22,11,43,12:47:47,StartEnd
447,-22,11,44,12:47:48,StartEnd
448,-22,11,44,12:47:48,StartEnd
449,-22,11,44,12:47:49,StartEnd
450,-22,11,44,12:47:49,StartEnd
451,-22,11,44,12:47:50,StartEnd
452,-21,11,44,12:47:50,StartEnd
453,-21,11,44,12:47:51,StartEnd
454,-21,11,44,12:47:51,StartEnd
455,-21,11,44,12:47:52,StartEnd
456,-21,12,44,12:47:52,StartEnd
457,-21,11,44,12:47:53,StartEnd
458,-24,12,44,12:47:53,StartEnd
459,-22,7,48,12:47:54,StartEnd
460,-23,8,46,12:47:54,StartEnd
461,-15,3,47,12:47:55,StartEnd
462,-23,16,42,12:47:55,StartEnd
463,-16,15,45,12:47:56,StartEnd
464,-17,13,45,12:47:56,StartEnd
465,-17,13,45,12:47:57,StartEnd
466,-17,13,46,12:47:57,StartEnd
467,-18,14,45,12:47:58,StartEnd
468,-19,14,45,12:47:58,StartEnd
469,-19,15,44,12:47:59,StartEnd
470,-19,15,44,12:47:59,StartEnd
471,-14,16,46,12:48:00,StartEnd
