,angleX,angleY,angleZ,Time,Label
0,-11,3,50,12:31:15,StartEnd
1,-10,3,49,12:31:15,StartEnd
2,-9,3,50,12:31:16,Long Standing
3,-8,3,44,12:31:16,Long Standing
4,5,40,40,12:31:17,Long Standing
5,9,28,40,12:31:17,Long Standing
6,10,27,34,12:31:18,Long Standing
7,18,33,33,12:31:18,Long Standing
8,10,32,42,12:31:19,Long Standing
9,3,1,49,12:31:19,Long Standing
10,21,-36,10,12:31:20,Long Standing
11,26,-36,17,12:31:20,Long Standing
12,-34,-11,43,12:31:21,Long Standing
13,-49,-16,5,12:31:22,Long Standing
14,-43,-18,6,12:31:22,Long Standing
15,-48,-21,7,12:31:23,Long Standing
16,-43,-18,9,12:31:23,Long Standing
17,-42,-16,5,12:31:24,Long Standing
18,-47,-17,0,12:31:24,Long Standing
19,-45,-20,3,12:31:25,Long Standing
20,-44,-20,4,12:31:25,Long Standing
21,-45,-20,3,12:31:26,Long Standing
22,-46,-18,1,12:31:26,Long Standing
23,-44,-19,2,12:31:27,Long Standing
24,-44,-20,3,12:31:27,Long Standing
25,-45,-20,3,12:31:28,Long Standing
26,-44,-20,4,12:31:28,Long Standing
27,-44,-21,4,12:31:29,Long Standing
28,-46,-20,2,12:31:29,Long Standing
29,-45,-20,1,12:31:30,Long Standing
30,-45,-20,2,12:31:30,Long Standing
31,-45,-20,2,12:31:31,Long Standing
32,-46,-20,3,12:31:31,Long Standing
33,-39,-19,14,12:31:32,Long Standing
34,-24,32,26,12:31:32,Long Standing
35,-4,44,-10,12:31:33,Long Standing
36,-10,47,-9,12:31:34,Bowing
37,-10,44,-10,12:31:34,Bowing
38,-6,50,-3,12:31:35,Bowing
39,-1,43,7,12:31:35,Bowing
40,-11,35,17,12:31:36,Bowing
41,-3,38,15,12:31:36,Bowing
42,-27,43,30,12:31:37,Short Standing
43,-24,36,24,12:31:38,1st Prostration
44,-29,14,41,12:31:38,1st Prostration
45,-29,13,37,12:31:39,1st Prostration
46,-30,13,37,12:31:39,1st Prostration
47,-30,13,39,12:31:40,1st Prostration
48,-25,28,37,12:31:40,1st Prostration
49,-9,27,30,12:31:41,Short Sitting
50,-23,29,32,12:31:42,Short Sitting
51,-10,31,31,12:31:42,Short Sitting
52,-26,15,39,12:31:43,2nd Prostration
53,-27,16,38,12:31:44,2nd Prostration
54,-28,16,38,12:31:44,2nd Prostration
55,-28,16,41,12:31:45,2nd Prostration
56,-16,46,29,12:31:45,2nd Prostration
57,3,27,33,12:31:46,2nd Prostration
58,0,39,46,12:31:46,2nd Prostration
59,-1,40,40,12:31:47,2nd Prostration
60,-10,12,38,12:31:47,2nd Prostration
61,-38,-19,20,12:31:48,Long Standing
62,-42,-21,-3,12:31:49,Long Standing
63,-43,-22,0,12:31:49,Long Standing
64,-47,-21,4,12:31:50,Long Standing
65,-46,-23,6,12:31:50,Long Standing
66,-46,-19,0,12:31:51,Long Standing
67,-44,-19,-2,12:31:51,Long Standing
68,-44,-21,-1,12:31:52,Long Standing
69,-45,-22,-1,12:31:52,Long Standing
70,-45,-21,-3,12:31:53,Long Standing
71,-44,-20,-6,12:31:53,Long Standing
72,-44,-20,-6,12:31:54,Long Standing
73,-44,-21,-4,12:31:54,Long Standing
74,-44,-22,-3,12:31:55,Long Standing
75,-43,-22,-1,12:31:55,Long Standing
76,-43,-22,-1,12:31:56,Long Standing
77,-43,-23,0,12:31:56,Long Standing
78,-44,-23,0,12:31:57,Long Standing
79,-44,-23,0,12:31:57,Long Standing
80,-35,-18,13,12:31:58,Long Standing
81,-25,28,23,12:31:58,Long Standing
82,-11,50,0,12:31:59,Bowing
83,-10,45,-8,12:31:59,Bowing
84,-12,45,-8,12:32:00,Bowing
85,-7,44,-11,12:32:00,Bowing
86,-7,33,11,12:32:01,Bowing
87,-2,40,18,12:32:02,Short Standing
88,-3,41,18,12:32:02,Short Standing
89,-11,44,12,12:32:03,Short Standing
90,-22,42,13,12:32:04,1st Prostration
91,-30,13,35,12:32:04,1st Prostration
92,-32,14,36,12:32:05,1st Prostration
93,-32,13,36,12:32:05,1st Prostration
94,-36,20,39,12:32:06,Short Sitting
95,-24,23,21,12:32:06,Short Sitting
96,-17,28,36,12:32:07,Short Sitting
97,-8,25,38,12:32:07,Short Sitting
98,-13,33,28,12:32:08,2nd Prostration
99,-28,16,40,12:32:08,2nd Prostration
100,-31,15,36,12:32:09,2nd Prostration
101,-31,16,36,12:32:09,2nd Prostration
102,-30,15,36,12:32:10,2nd Prostration
103,-23,31,33,12:32:10,2nd Prostration
104,-15,21,38,12:32:11,Long Sitting
105,-8,31,39,12:32:11,Long Sitting
106,-9,32,37,12:32:12,Long Sitting
107,-9,32,37,12:32:12,Long Sitting
108,-9,32,36,12:32:13,Long Sitting
109,-7,33,35,12:32:13,Long Sitting
110,-8,32,36,12:32:14,Long Sitting
111,-8,33,36,12:32:14,Long Sitting
112,-7,32,36,12:32:15,Long Sitting
113,-7,33,34,12:32:15,Long Sitting
114,-7,33,35,12:32:16,Long Sitting
115,-8,32,36,12:32:16,Long Sitting
116,-8,32,36,12:32:17,Long Sitting
117,-8,33,35,12:32:17,Long Sitting
118,-8,33,36,12:32:18,Long Sitting
119,3,40,32,12:32:18,Long Sitting
120,-2,30,43,12:32:19,Long Sitting
121,6,41,44,12:32:19,Long Sitting
122,0,9,32,12:32:20,Long Standing
123,7,3,39,12:32:20,Long Standing
124,-32,-14,32,12:32:21,Long Standing
125,-45,-15,2,12:32:22,Long Standing
126,-45,-16,4,12:32:22,Long Standing
127,-46,-14,1,12:32:23,Long Standing
128,-47,-15,0,12:32:23,Long Standing
129,-47,-14,0,12:32:24,Long Standing
130,-46,-14,0,12:32:24,Long Standing
131,-45,-15,1,12:32:25,Long Standing
132,-46,-16,1,12:32:25,Long Standing
133,-47,-16,3,12:32:26,Long Standing
134,-47,-16,5,12:32:26,Long Standing
135,-46,-15,3,12:32:27,Long Standing
136,-39,-15,14,12:32:27,Long Standing
137,-23,25,27,12:32:28,Long Standing
138,-14,50,1,12:32:28,Long Standing
139,-9,46,-9,12:32:29,Bowing
140,-8,45,-10,12:32:29,Bowing
141,-7,46,-7,12:32:30,Bowing
142,-1,37,15,12:32:31,Short Standing
143,-9,42,15,12:32:31,Short Standing
144,3,41,23,12:32:32,Short Standing
145,-8,34,19,12:32:32,Short Standing
146,-11,45,32,12:32:33,Short Standing
147,-6,27,28,12:32:33,Short Standing
148,-27,28,40,12:32:34,1st Prostration
149,-28,14,39,12:32:34,1st Prostration
150,-29,15,39,12:32:35,1st Prostration
151,-29,15,37,12:32:35,1st Prostration
152,-28,16,39,12:32:36,1st Prostration
153,-23,30,29,12:32:36,1st Prostration
154,-12,24,37,12:32:37,Short Sitting
155,-13,23,41,12:32:37,Short Sitting
156,-17,38,33,12:32:38,2nd Prostration
157,-18,20,37,12:32:38,2nd Prostration
158,-23,19,40,12:32:39,2nd Prostration
159,-23,19,39,12:32:39,2nd Prostration
160,-23,20,39,12:32:40,2nd Prostration
161,-22,23,42,12:32:40,2nd Prostration
162,-7,46,19,12:32:41,2nd Prostration
163,-1,36,38,12:32:41,2nd Prostration
164,-7,38,35,12:32:42,Long Standing
165,-14,24,39,12:32:42,Long Standing
166,-10,11,39,12:32:43,Long Standing
167,-12,13,49,12:32:43,Long Standing
168,-7,-17,42,12:32:44,Long Standing
169,-46,-6,23,12:32:45,Long Standing
170,-48,-12,6,12:32:45,Long Standing
171,-48,-13,9,12:32:46,Long Standing
172,-46,-15,9,12:32:46,Long Standing
173,-48,-13,4,12:32:47,Long Standing
174,-47,-12,5,12:32:47,Long Standing
175,-46,-15,7,12:32:48,Long Standing
176,-46,-16,10,12:32:48,Long Standing
177,-46,-16,10,12:32:49,Long Standing
178,-46,-16,8,12:32:49,Long Standing
179,-46,-15,7,12:32:50,Long Standing
180,-47,-15,6,12:32:50,Long Standing
181,-45,-16,7,12:32:51,Long Standing
182,-47,-15,7,12:32:51,Long Standing
183,-46,-14,8,12:32:52,Long Standing
184,-23,-2,26,12:32:52,Long Standing
185,-14,45,5,12:32:53,Bowing
186,-9,50,-8,12:32:53,Bowing
187,-4,46,-8,12:32:54,Bowing
188,-6,47,-10,12:32:54,Bowing
189,-4,48,-7,12:32:55,Bowing
190,-14,37,26,12:32:56,Short Standing
191,4,40,18,12:32:56,Short Standing
192,-3,29,10,12:32:57,Short Standing
193,-22,35,34,12:32:57,Short Standing
194,-10,34,35,12:32:58,1st Prostration
195,-12,18,36,12:32:58,1st Prostration
196,-27,18,37,12:32:59,1st Prostration
197,-29,18,37,12:32:59,1st Prostration
198,-29,19,35,12:33:00,1st Prostration
199,-23,24,37,12:33:00,1st Prostration
200,-6,38,16,12:33:01,1st Prostration
201,-16,26,37,12:33:01,1st Prostration
202,-11,28,34,12:33:02,Short Sitting
203,-16,33,22,12:33:02,Short Sitting
204,-23,13,44,12:33:03,2nd Prostration
205,-23,14,42,12:33:03,2nd Prostration
206,-22,14,42,12:33:04,2nd Prostration
207,-22,14,44,12:33:04,2nd Prostration
208,-10,40,27,12:33:05,2nd Prostration
209,-9,33,36,12:33:06,Long Sitting
210,-4,33,35,12:33:06,Long Sitting
211,-8,32,37,12:33:07,Long Sitting
212,-5,33,36,12:33:07,Long Sitting
213,-4,33,36,12:33:08,Long Sitting
214,-5,33,36,12:33:08,Long Sitting
215,-5,32,36,12:33:09,Long Sitting
216,-5,33,36,12:33:09,Long Sitting
217,-5,33,36,12:33:10,Long Sitting
218,-5,33,36,12:33:10,Long Sitting
219,-4,33,36,12:33:11,Long Sitting
220,-4,33,36,12:33:11,Long Sitting
221,-4,33,36,12:33:12,Long Sitting
222,-4,33,36,12:33:12,Long Sitting
223,-4,33,36,12:33:13,Long Sitting
224,-4,33,37,12:33:13,Long Sitting
225,-4,33,36,12:33:14,Long Sitting
226,-4,32,36,12:33:14,Long Sitting
227,-4,33,36,12:33:15,Long Sitting
228,-3,32,36,12:33:15,Long Sitting
229,-3,34,36,12:33:16,Long Sitting
230,-3,33,36,12:33:16,Long Sitting
231,-3,33,36,12:33:17,Long Sitting
232,-4,33,37,12:33:17,Long Sitting
233,-3,33,37,12:33:18,Long Sitting
234,-3,33,37,12:33:18,Long Sitting
235,-4,32,36,12:33:19,Long Sitting
236,-3,33,35,12:33:19,Long Sitting
237,-3,33,35,12:33:20,Long Sitting
238,-4,31,38,12:33:20,Long Sitting
239,-2,34,35,12:33:21,StartEnd
240,-4,32,41,12:33:21,StartEnd
241,-4,22,41,12:33:22,StartEnd
242,2,7,45,12:33:22,StartEnd
243,4,10,49,12:33:23,StartEnd
244,5,10,48,12:33:23,StartEnd
