,angleX,angleY,angleZ,Time,Label
0,-12,0,49,12:39:17,Long Standing
1,-12,-1,50,12:39:17,Long Standing
2,-12,0,50,12:39:18,Long Standing
3,0,-27,34,12:39:19,Long Standing
4,22,-38,21,12:39:19,Long Standing
5,11,-39,32,12:39:20,Long Standing
6,-19,-10,34,12:39:20,Long Standing
7,-42,-21,30,12:39:21,Long Standing
8,-38,-19,25,12:39:21,Long Standing
9,-41,-19,22,12:39:22,Long Standing
10,-42,-22,20,12:39:22,Long Standing
11,-45,-16,22,12:39:23,Long Standing
12,-44,-21,24,12:39:23,Long Standing
13,-42,-20,21,12:39:24,Long Standing
14,-38,-21,22,12:39:24,Long Standing
15,-39,-20,23,12:39:25,Long Standing
16,-39,-21,23,12:39:25,Long Standing
17,-39,-21,22,12:39:26,Long Standing
18,-42,-21,22,12:39:26,Long Standing
19,-43,-22,22,12:39:27,Long Standing
20,-44,-20,19,12:39:27,Long Standing
21,-39,-22,21,12:39:28,Long Standing
22,-41,-26,20,12:39:28,Long Standing
23,-40,-25,20,12:39:29,Long Standing
24,-39,-23,22,12:39:29,Long Standing
25,-38,-22,21,12:39:30,Long Standing
26,-40,-24,21,12:39:30,Long Standing
27,-38,-25,22,12:39:31,Long Standing
28,-40,-25,22,12:39:31,Long Standing
29,-39,-23,20,12:39:32,Long Standing
30,-34,-23,19,12:39:32,Long Standing
31,-39,-24,21,12:39:33,Long Standing
32,-41,-23,20,12:39:33,Long Standing
33,-40,-23,19,12:39:34,Long Standing
34,-41,-22,18,12:39:34,Long Standing
35,-41,-22,17,12:39:35,Long Standing
36,-41,-22,17,12:39:35,Long Standing
37,-41,-24,17,12:39:36,Long Standing
38,-38,-22,20,12:39:36,Long Standing
39,-40,-22,20,12:39:37,Long Standing
40,-39,-23,20,12:39:37,Long Standing
41,-40,-24,20,12:39:38,Long Standing
42,-39,-23,20,12:39:38,Long Standing
43,-39,-23,20,12:39:39,Long Standing
44,-40,-23,20,12:39:39,Long Standing
45,-40,-23,19,12:39:40,Long Standing
46,-39,-23,19,12:39:40,Long Standing
47,-40,-23,20,12:39:41,Long Standing
48,-40,-23,20,12:39:41,Long Standing
49,-40,-23,20,12:39:42,Long Standing
50,-39,-23,20,12:39:42,Long Standing
51,-40,-23,20,12:39:43,Long Standing
52,-39,-23,21,12:39:43,Long Standing
53,-40,-23,21,12:39:44,Long Standing
54,-39,-23,20,12:39:44,Long Standing
55,-40,-23,21,12:39:45,Long Standing
56,-39,-23,21,12:39:45,Long Standing
57,-39,-22,20,12:39:46,Long Standing
58,-39,-23,21,12:39:46,Long Standing
59,-40,-23,21,12:39:47,Long Standing
60,-39,-23,21,12:39:47,Long Standing
61,-39,-23,21,12:39:48,Long Standing
62,-40,-23,22,12:39:48,Long Standing
63,-40,-23,21,12:39:49,Long Standing
64,-38,-23,21,12:39:49,Long Standing
65,-38,-23,21,12:39:50,Long Standing
66,-39,-24,20,12:39:50,Long Standing
67,-39,-23,21,12:39:51,Long Standing
68,-39,-23,21,12:39:51,Long Standing
69,-39,-23,22,12:39:52,Long Standing
70,-39,-23,22,12:39:52,Long Standing
71,-38,-23,22,12:39:53,Long Standing
72,-38,-23,21,12:39:53,Long Standing
73,-40,-23,22,12:39:54,Long Standing
74,-39,-22,23,12:39:54,Long Standing
75,-40,-22,22,12:39:55,Long Standing
76,-39,-23,21,12:39:55,Long Standing
77,-38,-23,22,12:39:56,Long Standing
78,-40,-24,23,12:39:56,Long Standing
79,-40,-23,24,12:39:57,Long Standing
80,-35,-21,26,12:39:57,Long Standing
81,-38,-22,26,12:39:58,Long Standing
82,-35,-24,24,12:39:58,Long Standing
83,-37,-25,21,12:39:59,Long Standing
84,-39,-20,22,12:39:59,Long Standing
85,-40,-22,21,12:40:00,Long Standing
86,-39,-22,21,12:40:00,Long Standing
87,-39,-23,22,12:40:01,Long Standing
88,-39,-22,22,12:40:01,Long Standing
89,-39,-22,21,12:40:02,Long Standing
90,-39,-22,22,12:40:02,Long Standing
91,-40,-22,21,12:40:03,Long Standing
92,-42,-22,21,12:40:03,Long Standing
93,-41,-22,22,12:40:04,Long Standing
94,-40,-22,21,12:40:04,Long Standing
95,-39,-22,21,12:40:05,Long Standing
96,-40,-21,22,12:40:05,Long Standing
97,-39,-19,21,12:40:06,Long Standing
98,-43,12,16,12:40:06,Long Standing
99,-17,44,-7,12:40:07,Long Standing
100,-16,43,-6,12:40:08,Bowing
101,-17,44,-3,12:40:08,Bowing
102,-18,42,-3,12:40:09,Bowing
103,-19,42,-2,12:40:09,Bowing
104,-18,42,-2,12:40:10,Bowing
105,-19,43,-2,12:40:10,Bowing
106,-19,43,-2,12:40:11,Bowing
107,-12,50,0,12:40:11,Bowing
108,-4,44,4,12:40:12,Bowing
109,-6,48,18,12:40:12,Bowing
110,-5,45,13,12:40:13,Short Standing
111,-9,45,12,12:40:13,Short Standing
112,-8,45,12,12:40:14,Short Standing
113,-7,46,11,12:40:14,Short Standing
114,-9,44,9,12:40:15,Short Standing
115,-9,37,26,12:40:15,Short Standing
116,-14,16,22,12:40:16,1st Prostration
117,-21,42,13,12:40:16,1st Prostration
118,-23,41,13,12:40:17,1st Prostration
119,-29,24,38,12:40:17,1st Prostration
120,-23,18,40,12:40:18,1st Prostration
121,-24,26,39,12:40:18,1st Prostration
122,-25,2,44,12:40:19,1st Prostration
123,-35,0,40,12:40:19,1st Prostration
124,-35,-2,36,12:40:20,1st Prostration
125,-35,-2,36,12:40:20,1st Prostration
126,-35,-2,36,12:40:21,1st Prostration
127,-35,-2,36,12:40:21,1st Prostration
128,-32,-2,37,12:40:22,1st Prostration
129,-29,18,36,12:40:22,1st Prostration
130,-24,13,40,12:40:23,Short Sitting
131,-15,18,40,12:40:23,Short Sitting
132,-21,21,40,12:40:24,Short Sitting
133,-22,17,41,12:40:24,Short Sitting
134,-32,29,33,12:40:25,Short Sitting
135,-20,30,48,12:40:25,Short Sitting
136,-29,0,42,12:40:26,Short Sitting
137,-32,-1,40,12:40:26,Short Sitting
138,-31,-1,40,12:40:27,2nd Prostration
139,-31,-1,40,12:40:27,2nd Prostration
140,-31,-1,40,12:40:28,2nd Prostration
141,-31,-1,40,12:40:28,2nd Prostration
142,-31,0,39,12:40:29,2nd Prostration
143,-21,12,46,12:40:29,2nd Prostration
144,-19,18,32,12:40:30,2nd Prostration
145,-15,19,43,12:40:30,2nd Prostration
146,-16,20,42,12:40:31,2nd Prostration
147,-20,16,38,12:40:31,2nd Prostration
148,-11,40,21,12:40:32,2nd Prostration
149,-5,46,8,12:40:32,2nd Prostration
150,-2,41,19,12:40:33,2nd Prostration
151,9,47,30,12:40:33,2nd Prostration
152,-23,22,36,12:40:34,Long Standing
153,-26,29,31,12:40:35,Long Standing
154,-28,7,45,12:40:35,Long Standing
155,-11,-9,45,12:40:36,Long Standing
156,-49,-22,27,12:40:36,Long Standing
157,-39,-18,24,12:40:37,Long Standing
158,-43,-23,17,12:40:37,Long Standing
159,-40,-25,17,12:40:38,Long Standing
160,-38,-26,18,12:40:38,Long Standing
161,-42,-24,20,12:40:39,Long Standing
162,-38,-25,22,12:40:39,Long Standing
163,-37,-26,22,12:40:40,Long Standing
164,-37,-25,23,12:40:40,Long Standing
165,-36,-26,24,12:40:41,Long Standing
166,-37,-26,24,12:40:41,Long Standing
167,-36,-26,24,12:40:42,Long Standing
168,-36,-26,24,12:40:42,Long Standing
169,-36,-25,23,12:40:43,Long Standing
170,-36,-26,24,12:40:43,Long Standing
171,-36,-26,24,12:40:44,Long Standing
172,-36,-26,24,12:40:44,Long Standing
173,-36,-26,24,12:40:45,Long Standing
174,-37,-26,25,12:40:45,Long Standing
175,-34,-26,25,12:40:46,Long Standing
176,-36,-26,24,12:40:46,Long Standing
177,-35,-26,25,12:40:47,Long Standing
178,-35,-26,24,12:40:47,Long Standing
179,-35,-26,25,12:40:48,Long Standing
180,-35,-26,25,12:40:48,Long Standing
181,-36,-26,25,12:40:49,Long Standing
182,-35,-26,24,12:40:49,Long Standing
183,-36,-26,24,12:40:50,Long Standing
184,-36,-25,23,12:40:50,Long Standing
185,-37,-25,25,12:40:51,Long Standing
186,-36,-25,25,12:40:51,Long Standing
187,-36,-25,24,12:40:52,Long Standing
188,-37,-25,24,12:40:52,Long Standing
189,-36,-25,24,12:40:53,Long Standing
190,-37,-25,24,12:40:53,Long Standing
191,-37,-25,24,12:40:54,Long Standing
192,-36,-25,23,12:40:54,Long Standing
193,-37,-26,22,12:40:55,Long Standing
194,-37,-26,23,12:40:55,Long Standing
195,-36,-25,22,12:40:56,Long Standing
196,-37,-25,23,12:40:56,Long Standing
197,-37,-25,23,12:40:57,Long Standing
198,-37,-25,24,12:40:57,Long Standing
199,-38,-24,23,12:40:58,Long Standing
200,-38,-23,23,12:40:58,Long Standing
201,-25,-9,21,12:40:59,Long Standing
202,-9,40,27,12:40:59,Long Standing
203,-10,46,-11,12:41:00,Bowing
204,-13,43,-8,12:41:00,Bowing
205,-13,43,-8,12:41:01,Bowing
206,-17,44,-5,12:41:01,Bowing
207,-13,44,-8,12:41:02,Bowing
208,-11,43,-1,12:41:03,Short Standing
209,-3,45,11,12:41:03,Short Standing
210,-11,46,14,12:41:04,Short Standing
211,-4,45,11,12:41:04,Short Standing
212,-8,45,12,12:41:05,Short Standing
213,-7,46,11,12:41:05,Short Standing
214,-6,46,11,12:41:06,Short Standing
215,-12,40,8,12:41:06,Short Standing
216,-21,33,16,12:41:07,1st Prostration
217,-26,46,47,12:41:07,1st Prostration
218,-23,34,2,12:41:08,1st Prostration
219,0,37,-5,12:41:08,1st Prostration
220,3,44,0,12:41:09,1st Prostration
221,-7,43,25,12:41:09,1st Prostration
222,-12,17,41,12:41:10,1st Prostration
223,-23,15,42,12:41:10,1st Prostration
224,-25,29,40,12:41:11,1st Prostration
225,-25,2,43,12:41:11,1st Prostration
226,-34,-2,38,12:41:12,Short Sitting
227,-36,-3,35,12:41:12,Short Sitting
228,-36,-4,35,12:41:13,Short Sitting
229,-36,-4,35,12:41:13,Short Sitting
230,-36,-4,35,12:41:14,Short Sitting
231,-34,-4,40,12:41:14,Short Sitting
232,-20,44,38,12:41:15,Short Sitting
233,-13,20,37,12:41:15,Short Sitting
234,-12,19,45,12:41:16,Short Sitting
235,-11,20,45,12:41:16,Short Sitting
236,-14,18,45,12:41:17,Short Sitting
237,-14,18,45,12:41:17,Short Sitting
238,-15,17,45,12:41:18,Short Sitting
239,-28,21,37,12:41:18,Short Sitting
240,-36,36,45,12:41:19,2nd Prostration
241,-29,0,43,12:41:19,2nd Prostration
242,-29,-1,41,12:41:20,2nd Prostration
243,-30,-1,41,12:41:20,2nd Prostration
244,-30,-1,41,12:41:21,2nd Prostration
245,-30,-1,41,12:41:21,2nd Prostration
246,-30,-1,41,12:41:22,2nd Prostration
247,-31,-1,43,12:41:22,2nd Prostration
248,-22,22,42,12:41:23,2nd Prostration
249,-24,32,29,12:41:23,2nd Prostration
250,-9,18,49,12:41:24,Long Sitting
251,-10,24,45,12:41:24,Long Sitting
252,-15,18,44,12:41:25,Long Sitting
253,-16,17,44,12:41:25,Long Sitting
254,-16,18,44,12:41:26,Long Sitting
255,-16,18,44,12:41:26,Long Sitting
256,-16,18,44,12:41:27,Long Sitting
257,-16,17,44,12:41:27,Long Sitting
258,-17,17,44,12:41:28,Long Sitting
259,-17,17,44,12:41:28,Long Sitting
260,-17,17,44,12:41:29,Long Sitting
261,-17,17,44,12:41:29,Long Sitting
262,-17,17,44,12:41:30,Long Sitting
263,-16,17,44,12:41:30,Long Sitting
264,-16,17,44,12:41:31,Long Sitting
265,-16,17,44,12:41:31,Long Sitting
266,-16,17,44,12:41:32,Long Sitting
267,-16,17,44,12:41:32,Long Sitting
268,-17,17,44,12:41:33,Long Sitting
269,-16,18,43,12:41:33,Long Sitting
270,-17,18,44,12:41:34,Long Sitting
271,-17,17,44,12:41:34,Long Sitting
272,-17,17,44,12:41:35,Long Sitting
273,-17,18,44,12:41:35,Long Sitting
274,-16,18,44,12:41:36,Long Sitting
275,-16,17,44,12:41:36,Long Sitting
276,-18,17,44,12:41:37,Long Sitting
277,-17,17,44,12:41:37,Long Sitting
278,-17,17,43,12:41:38,Long Sitting
279,-17,15,45,12:41:38,Long Sitting
280,-14,19,39,12:41:39,Long Sitting
281,-4,42,31,12:41:39,Long Sitting
282,-2,45,16,12:41:40,Long Sitting
283,-5,36,4,12:41:40,Long Sitting
284,-9,46,0,12:41:41,Long Sitting
285,-17,44,27,12:41:41,Long Sitting
286,-12,37,29,12:41:42,Long Sitting
287,-17,15,35,12:41:42,Long Sitting
288,-15,0,49,12:41:43,Long Standing
289,-23,-10,35,12:41:43,Long Standing
290,-30,-15,36,12:41:44,Long Standing
291,-34,-16,30,12:41:44,Long Standing
292,-36,-15,32,12:41:45,Long Standing
293,-40,-19,34,12:41:45,Long Standing
294,-35,-26,24,12:41:46,Long Standing
295,-38,-24,22,12:41:46,Long Standing
296,-39,-23,19,12:41:47,Long Standing
297,-39,-26,19,12:41:47,Long Standing
298,-36,-25,20,12:41:48,Long Standing
299,-39,-25,20,12:41:48,Long Standing
300,-37,-25,21,12:41:49,Long Standing
301,-38,-25,21,12:41:49,Long Standing
302,-38,-25,21,12:41:50,Long Standing
303,-38,-25,21,12:41:50,Long Standing
304,-38,-25,20,12:41:51,Long Standing
305,-39,-24,21,12:41:51,Long Standing
306,-40,-23,20,12:41:52,Long Standing
307,-40,-23,22,12:41:52,Long Standing
308,-39,-24,21,12:41:53,Long Standing
309,-39,-26,22,12:41:53,Long Standing
310,-38,-25,22,12:41:54,Long Standing
311,-38,-25,22,12:41:54,Long Standing
312,-38,-25,21,12:41:55,Long Standing
313,-38,-25,21,12:41:55,Long Standing
314,-39,-24,20,12:41:56,Long Standing
315,-39,-24,20,12:41:56,Long Standing
316,-38,-25,21,12:41:57,Long Standing
317,-38,-25,21,12:41:57,Long Standing
318,-37,-25,20,12:41:58,Long Standing
319,-38,-25,21,12:41:58,Long Standing
320,-37,-25,21,12:41:59,Long Standing
321,-37,-24,21,12:41:59,Long Standing
322,-38,-24,21,12:42:00,Long Standing
323,-39,-25,19,12:42:00,Long Standing
324,-39,-25,20,12:42:01,Long Standing
325,-39,-25,20,12:42:01,Long Standing
326,-39,-25,20,12:42:02,Long Standing
327,-39,-24,20,12:42:02,Long Standing
328,-40,-25,19,12:42:03,Long Standing
329,-40,-26,18,12:42:03,Long Standing
330,-38,-26,19,12:42:04,Long Standing
331,-37,-26,20,12:42:04,Long Standing
332,-39,-22,22,12:42:05,Long Standing
333,-37,1,19,12:42:05,Long Standing
334,-19,43,23,12:42:06,Bowing
335,-17,48,-8,12:42:06,Bowing
336,-16,42,-5,12:42:07,Bowing
337,-18,43,-6,12:42:07,Bowing
338,-17,41,-6,12:42:08,Bowing
339,-17,43,-6,12:42:08,Bowing
340,-8,47,-10,12:42:09,Bowing
341,-4,44,1,12:42:09,Bowing
342,1,48,6,12:42:10,Short Standing
343,-9,46,14,12:42:10,Short Standing
344,-5,45,12,12:42:11,Short Standing
345,-7,45,13,12:42:11,Short Standing
346,-6,45,10,12:42:12,Short Standing
347,-8,45,11,12:42:12,Short Standing
348,-12,35,4,12:42:13,Short Standing
349,-36,30,17,12:42:13,Short Standing
350,-16,21,28,12:42:14,1st Prostration
351,-18,41,11,12:42:14,1st Prostration
352,-12,43,8,12:42:15,1st Prostration
353,-16,28,47,12:42:15,1st Prostration
354,-20,11,43,12:42:16,1st Prostration
355,-25,15,32,12:42:16,1st Prostration
356,-35,32,41,12:42:17,1st Prostration
357,-30,0,43,12:42:17,1st Prostration
358,-31,-1,40,12:42:18,1st Prostration
359,-31,-2,40,12:42:18,1st Prostration
360,-32,-2,39,12:42:19,1st Prostration
361,-32,-2,39,12:42:19,1st Prostration
362,-36,-4,39,12:42:20,1st Prostration
363,-17,23,50,12:42:20,1st Prostration
364,-18,22,31,12:42:21,Short Sitting
365,-9,14,49,12:42:21,Short Sitting
366,-14,16,45,12:42:22,Short Sitting
367,-12,11,44,12:42:22,Short Sitting
368,-16,22,43,12:42:23,Short Sitting
369,-21,1,47,12:42:23,Short Sitting
370,-30,-2,42,12:42:24,2nd Prostration
371,-32,-3,40,12:42:24,2nd Prostration
372,-31,-2,40,12:42:25,2nd Prostration
373,-31,-2,40,12:42:25,2nd Prostration
374,-31,-2,39,12:42:26,2nd Prostration
375,-31,-2,40,12:42:26,2nd Prostration
376,-29,0,43,12:42:27,2nd Prostration
377,-8,31,31,12:42:27,2nd Prostration
378,-11,16,42,12:42:28,Long Sitting
379,-17,15,46,12:42:28,Long Sitting
380,-19,17,43,12:42:29,Long Sitting
381,-18,21,42,12:42:29,Long Sitting
382,-17,19,43,12:42:30,Long Sitting
383,-20,17,43,12:42:30,Long Sitting
384,-20,16,43,12:42:31,Long Sitting
385,-20,16,42,12:42:31,Long Sitting
386,-21,16,43,12:42:32,Long Sitting
387,-20,16,43,12:42:32,Long Sitting
388,-20,16,42,12:42:33,Long Sitting
389,-20,16,43,12:42:33,Long Sitting
390,-21,16,43,12:42:34,Long Sitting
391,-20,16,43,12:42:34,Long Sitting
392,-21,16,43,12:42:35,Long Sitting
393,-21,16,43,12:42:35,Long Sitting
394,-20,16,43,12:42:36,Long Sitting
395,-20,16,43,12:42:36,Long Sitting
396,-20,16,43,12:42:37,Long Sitting
397,-21,16,43,12:42:37,Long Sitting
398,-21,16,43,12:42:38,Long Sitting
399,-20,17,43,12:42:38,Long Sitting
400,-19,17,42,12:42:39,Long Sitting
401,-19,17,43,12:42:39,Long Sitting
402,-19,17,43,12:42:40,Long Sitting
403,-19,17,43,12:42:40,Long Sitting
404,-19,17,43,12:42:41,Long Sitting
405,-19,17,43,12:42:41,Long Sitting
406,-20,16,43,12:42:42,Long Sitting
407,-20,18,40,12:42:42,Long Sitting
408,-19,16,44,12:42:43,Long Sitting
409,-19,16,43,12:42:43,Long Sitting
410,-20,17,43,12:42:44,Long Sitting
411,-20,16,42,12:42:44,Long Sitting
412,-21,15,43,12:42:45,Long Sitting
413,-20,15,43,12:42:45,Long Sitting
414,-19,16,43,12:42:46,Long Sitting
415,-20,17,43,12:42:46,Long Sitting
416,-20,17,43,12:42:47,StartEnd
417,-16,21,42,12:42:47,StartEnd
418,-12,22,42,12:42:48,StartEnd
419,-3,19,46,12:42:48,StartEnd
420,-12,11,47,12:42:49,StartEnd
421,-14,-6,49,12:42:49,StartEnd
422,-2,-2,48,12:42:50,StartEnd
423,5,1,50,12:42:50,StartEnd
424,9,-1,48,12:42:51,StartEnd
