,angleX,angleY,angleZ,Time,Label
0,-19,23,47,12:35:54,Long Standing
1,-2,44,24,12:35:55,Long Standing
2,-11,-18,31,12:35:55,Long Standing
3,15,-42,18,12:35:56,Long Standing
4,7,-34,21,12:35:56,Long Standing
5,-34,-19,11,12:35:57,Long Standing
6,-39,-23,12,12:35:58,Long Standing
7,-42,-24,11,12:35:58,Long Standing
8,-41,-24,12,12:35:59,Long Standing
9,-42,-23,13,12:35:59,Long Standing
10,-42,-25,13,12:36:00,Long Standing
11,-41,-24,14,12:36:00,Long Standing
12,-42,-24,15,12:36:01,Long Standing
13,-41,-24,15,12:36:01,Long Standing
14,-41,-24,15,12:36:02,Long Standing
15,-41,-23,15,12:36:02,Long Standing
16,-41,-24,14,12:36:03,Long Standing
17,-42,-24,14,12:36:03,Long Standing
18,-41,-24,14,12:36:04,Long Standing
19,-42,-25,14,12:36:04,Long Standing
20,-41,-24,14,12:36:05,Long Standing
21,-41,-24,15,12:36:05,Long Standing
22,-41,-24,15,12:36:06,Long Standing
23,-41,-24,15,12:36:06,Long Standing
24,-40,-25,15,12:36:07,Long Standing
25,-41,-25,15,12:36:07,Long Standing
26,-44,-21,12,12:36:08,Long Standing
27,-33,3,15,12:36:08,Long Standing
28,-16,46,9,12:36:09,Bowing
29,-14,46,-8,12:36:09,Bowing
30,-10,44,-9,12:36:10,Bowing
31,-9,45,-9,12:36:10,Bowing
32,-12,43,-6,12:36:11,Bowing
33,-10,45,-8,12:36:11,Bowing
34,1,43,-2,12:36:12,Bowing
35,-4,46,13,12:36:13,Short Standing
36,-9,45,10,12:36:13,Short Standing
37,-6,47,9,12:36:14,Short Standing
38,-5,46,7,12:36:14,Short Standing
39,-5,46,8,12:36:15,Short Standing
40,-5,45,9,12:36:15,Short Standing
41,-6,46,8,12:36:16,Short Standing
42,-6,46,8,12:36:16,Short Standing
43,-6,46,9,12:36:17,Short Standing
44,-6,46,10,12:36:17,Short Standing
45,-6,46,9,12:36:18,Short Standing
46,-6,46,10,12:36:18,Short Standing
47,-6,46,9,12:36:19,Short Standing
48,-6,46,9,12:36:19,Short Standing
49,-8,46,9,12:36:20,Short Standing
50,0,38,22,12:36:20,Short Standing
51,-14,39,44,12:36:21,1st Prostration
52,-13,35,25,12:36:21,1st Prostration
53,-14,42,6,12:36:22,1st Prostration
54,-21,31,36,12:36:22,1st Prostration
55,-17,20,42,12:36:23,1st Prostration
56,-17,29,28,12:36:23,1st Prostration
57,-25,13,40,12:36:24,1st Prostration
58,-25,7,43,12:36:24,1st Prostration
59,-26,7,43,12:36:25,1st Prostration
60,-27,6,43,12:36:25,1st Prostration
61,-17,11,48,12:36:26,1st Prostration
62,-24,28,42,12:36:26,1st Prostration
63,-11,20,42,12:36:27,Short Sitting
64,-9,23,43,12:36:27,Short Sitting
65,-13,20,43,12:36:28,Short Sitting
66,-8,34,25,12:36:28,Short Sitting
67,-19,18,38,12:36:29,Short Sitting
68,-24,6,44,12:36:29,Short Sitting
69,-26,3,44,12:36:30,2nd Prostration
70,-25,3,44,12:36:30,2nd Prostration
71,-21,6,49,12:36:31,2nd Prostration
72,-5,26,29,12:36:31,2nd Prostration
73,-18,18,36,12:36:32,2nd Prostration
74,-17,21,42,12:36:32,2nd Prostration
75,-16,19,42,12:36:33,2nd Prostration
76,-11,45,32,12:36:33,2nd Prostration
77,-6,44,10,12:36:34,2nd Prostration
78,-8,45,9,12:36:34,2nd Prostration
79,-19,46,18,12:36:35,2nd Prostration
80,0,41,20,12:36:35,2nd Prostration
81,-18,28,29,12:36:36,Long Standing
82,-18,-18,40,12:36:37,Long Standing
83,-29,-25,31,12:36:38,Long Standing
84,-32,-26,30,12:36:38,Long Standing
85,-30,-26,30,12:36:40,Long Standing
86,-34,-25,28,12:36:40,Long Standing
87,-32,-26,29,12:36:41,Long Standing
88,-32,-26,30,12:36:41,Long Standing
89,-30,-27,32,12:36:42,Long Standing
90,-29,-26,32,12:36:42,Long Standing
91,-30,-26,32,12:36:43,Long Standing
92,-31,-26,32,12:36:43,Long Standing
93,-30,-26,31,12:36:44,Long Standing
94,-31,-26,31,12:36:44,Long Standing
95,-31,-27,31,12:36:45,Long Standing
96,-30,-27,30,12:36:45,Long Standing
97,-31,-27,30,12:36:46,Long Standing
98,-30,-26,29,12:36:46,Long Standing
99,-31,-27,30,12:36:47,Long Standing
100,-32,-27,30,12:36:47,Long Standing
101,-31,-27,30,12:36:48,Long Standing
102,-32,-27,30,12:36:48,Long Standing
103,-31,-26,30,12:36:49,Long Standing
104,-32,-27,29,12:36:49,Long Standing
105,-31,-27,29,12:36:50,Long Standing
106,-32,-26,29,12:36:50,Long Standing
107,-32,-25,29,12:36:51,Long Standing
108,-32,-27,30,12:36:51,Long Standing
109,-31,-26,30,12:36:52,Long Standing
110,-31,-26,30,12:36:52,Long Standing
111,-31,-26,30,12:36:53,Long Standing
112,-31,-26,30,12:36:53,Long Standing
113,-31,-27,30,12:36:54,Long Standing
114,-31,-27,30,12:36:54,Long Standing
115,-31,-27,31,12:36:55,Long Standing
116,-30,-27,31,12:36:55,Long Standing
117,-30,-26,32,12:36:56,Long Standing
118,-33,-24,31,12:36:56,Long Standing
119,-18,-13,33,12:36:57,Bowing
120,-11,32,31,12:36:57,Bowing
121,-16,43,0,12:36:58,Bowing
122,-17,42,0,12:36:59,Bowing
123,-17,45,-1,12:36:59,Bowing
124,-17,43,0,12:37:00,Bowing
125,-19,43,0,12:37:00,Bowing
126,-17,43,0,12:37:01,Bowing
127,-20,45,3,12:37:01,Bowing
128,-11,44,7,12:37:02,Short Standing
129,-5,44,12,12:37:02,Short Standing
130,-3,43,13,12:37:03,Short Standing
131,-6,44,13,12:37:03,Short Standing
132,-5,45,11,12:37:04,Short Standing
133,-5,45,11,12:37:04,Short Standing
134,-6,45,12,12:37:05,Short Standing
135,-5,46,11,12:37:05,Short Standing
136,-4,44,10,12:37:06,Short Standing
137,-5,46,11,12:37:06,Short Standing
138,-5,46,10,12:37:07,Short Standing
139,-8,46,12,12:37:07,Short Standing
140,-8,43,7,12:37:08,1st Prostration
141,-6,34,10,12:37:08,1st Prostration
142,-15,35,40,12:37:09,1st Prostration
143,-11,30,38,12:37:09,1st Prostration
144,-10,40,9,12:37:10,1st Prostration
145,-9,50,6,12:37:10,1st Prostration
146,-16,43,27,12:37:11,1st Prostration
147,-13,15,45,12:37:11,1st Prostration
148,-19,18,41,12:37:12,1st Prostration
149,-19,31,37,12:37:12,1st Prostration
150,-27,3,47,12:37:13,1st Prostration
151,-29,-1,41,12:37:14,1st Prostration
152,-30,-1,40,12:37:14,1st Prostration
153,-30,-1,40,12:37:15,1st Prostration
154,-31,-1,40,12:37:15,1st Prostration
155,-31,-1,40,12:37:16,1st Prostration
156,-19,7,47,12:37:16,1st Prostration
157,-11,24,29,12:37:17,Short Sitting
158,-13,22,39,12:37:17,Short Sitting
159,-12,20,44,12:37:18,Short Sitting
160,-12,16,44,12:37:18,Short Sitting
161,-18,22,34,12:37:19,2nd Prostration
162,-27,12,47,12:37:19,2nd Prostration
163,-24,7,43,12:37:20,2nd Prostration
164,-27,7,43,12:37:20,2nd Prostration
165,-26,5,43,12:37:21,2nd Prostration
166,-25,5,43,12:37:21,2nd Prostration
167,-24,5,45,12:37:22,2nd Prostration
168,-24,5,44,12:37:22,2nd Prostration
169,-23,5,44,12:37:23,2nd Prostration
170,-22,6,47,12:37:23,2nd Prostration
171,-20,38,33,12:37:24,2nd Prostration
172,-11,16,45,12:37:24,2nd Prostration
173,-7,16,46,12:37:25,Long Sitting
174,-9,22,43,12:37:25,Long Sitting
175,-12,21,42,12:37:26,Long Sitting
176,-13,21,43,12:37:26,Long Sitting
177,-13,21,44,12:37:27,Long Sitting
178,-14,20,43,12:37:27,Long Sitting
179,-13,20,43,12:37:28,Long Sitting
180,-14,20,43,12:37:28,Long Sitting
181,-14,20,43,12:37:29,Long Sitting
182,-14,20,43,12:37:29,Long Sitting
183,-14,20,43,12:37:30,Long Sitting
184,-14,20,43,12:37:30,Long Sitting
185,-14,20,43,12:37:31,Long Sitting
186,-14,20,44,12:37:31,Long Sitting
187,-14,20,43,12:37:32,Long Sitting
188,-14,20,43,12:37:32,Long Sitting
189,-13,20,43,12:37:33,Long Sitting
190,-14,20,43,12:37:33,Long Sitting
191,-14,20,43,12:37:34,Long Sitting
192,-14,20,43,12:37:34,Long Sitting
193,-14,20,43,12:37:35,Long Sitting
194,-13,20,43,12:37:35,Long Sitting
195,-14,20,43,12:37:36,Long Sitting
196,-14,20,43,12:37:36,Long Sitting
197,-14,20,43,12:37:37,Long Sitting
198,-14,20,43,12:37:37,Long Sitting
199,-14,20,44,12:37:38,Long Sitting
200,-14,20,43,12:37:38,Long Sitting
201,-15,20,43,12:37:39,Long Sitting
202,-14,20,43,12:37:39,Long Sitting
203,-14,20,44,12:37:40,Long Sitting
204,-14,20,44,12:37:40,Long Sitting
205,-14,20,44,12:37:41,Long Sitting
206,-14,20,43,12:37:41,Long Sitting
207,-14,20,44,12:37:42,Long Sitting
208,-14,20,43,12:37:42,Long Sitting
209,-14,20,44,12:37:43,Long Sitting
210,-14,20,43,12:37:43,Long Sitting
211,-13,21,43,12:37:44,Long Sitting
212,-16,19,43,12:37:44,Long Sitting
213,-14,20,43,12:37:45,Long Sitting
214,-13,19,43,12:37:45,Long Sitting
215,-13,21,43,12:37:46,Long Sitting
216,-14,20,43,12:37:46,Long Sitting
217,-15,20,43,12:37:47,Long Sitting
218,-15,21,41,12:37:47,Long Sitting
219,-15,20,43,12:37:48,Long Sitting
220,-15,20,44,12:37:48,Long Sitting
221,-16,20,42,12:37:49,Long Sitting
222,-16,19,43,12:37:49,Long Sitting
223,-16,19,44,12:37:50,Long Sitting
224,-14,20,41,12:37:50,Long Sitting
225,-14,22,45,12:37:51,Long Sitting
226,-15,19,42,12:37:51,Long Sitting
227,-18,19,43,12:37:52,StartEnd
228,-17,22,42,12:37:52,StartEnd
229,-16,22,41,12:37:53,StartEnd
230,-13,23,41,12:37:53,StartEnd
231,-13,22,42,12:37:54,StartEnd
232,-13,23,41,12:37:54,StartEnd
233,-11,20,42,12:37:55,StartEnd
234,-10,17,46,12:37:55,StartEnd
235,1,10,50,12:37:56,StartEnd
236,-11,-6,50,12:37:56,StartEnd
237,-3,-6,49,12:37:57,StartEnd
238,-2,-3,50,12:37:57,StartEnd
