,angleX,angleY,angleZ,Time,Label
0,6,-3,50,11:33:46,StartEnd
1,14,-7,46,11:33:47,StartEnd
2,0,-10,49,11:33:47,StartEnd
3,7,-7,50,11:33:48,Long Standing
4,-1,15,45,11:33:49,Long Standing
5,0,8,49,11:33:50,Long Standing
6,-11,31,43,11:33:51,Long Standing
7,-22,15,-21,11:33:51,Long Standing
8,49,-3,11,11:33:53,Long Standing
9,47,-6,9,11:33:53,Long Standing
10,48,-5,13,11:33:54,Long Standing
11,47,-4,12,11:33:54,Long Standing
12,47,-4,12,11:33:55,Long Standing
13,47,-4,11,11:33:55,Long Standing
14,47,-5,11,11:33:56,Long Standing
15,47,-5,11,11:33:56,Long Standing
16,47,-4,12,11:33:57,Long Standing
17,47,-4,12,11:33:57,Long Standing
18,47,-5,12,11:33:58,Long Standing
19,47,-3,13,11:33:58,Long Standing
20,47,-4,13,11:33:59,Long Standing
21,47,-5,13,11:33:59,Long Standing
22,48,-4,12,11:34:00,Long Standing
23,47,-4,12,11:34:00,Long Standing
24,47,-4,12,11:34:01,Long Standing
25,47,-5,12,11:34:01,Long Standing
26,47,-4,12,11:34:02,Long Standing
27,47,-4,13,11:34:02,Long Standing
28,47,-4,12,11:34:03,Long Standing
29,47,-4,12,11:34:03,Long Standing
30,47,-4,10,11:34:04,Long Standing
31,47,-4,12,11:34:04,Long Standing
32,47,-4,12,11:34:05,Long Standing
33,47,-4,13,11:34:05,Long Standing
34,47,-4,12,11:34:06,Long Standing
35,47,-4,14,11:34:06,Long Standing
36,47,-4,14,11:34:07,Long Standing
37,47,-4,13,11:34:07,Long Standing
38,46,-8,12,11:34:08,Long Standing
39,30,-44,13,11:34:08,Long Standing
40,8,-41,-15,11:34:09,Bowing
41,11,-50,-14,11:34:09,Bowing
42,9,-46,-15,11:34:10,Bowing
43,9,-47,-15,11:34:10,Bowing
44,14,-45,1,11:34:11,Bowing
45,17,-37,9,11:34:11,Bowing
46,14,-42,21,11:34:12,Short Standing
47,20,-41,22,11:34:12,Short Standing
48,17,-26,14,11:34:13,Short Standing
49,30,-29,39,11:34:13,Short Standing
50,15,-19,41,11:34:14,Short Standing
51,20,-34,37,11:34:14,Short Standing
52,33,-23,48,11:34:15,1st Prostration
53,22,-13,45,11:34:15,1st Prostration
54,25,-14,41,11:34:16,1st Prostration
55,26,-11,40,11:34:16,1st Prostration
56,24,-7,42,11:34:17,1st Prostration
57,25,-12,33,11:34:17,1st Prostration
58,20,-17,44,11:34:18,Short Sitting
59,12,-8,44,11:34:18,Short Sitting
60,34,-35,23,11:34:19,2nd Prostration
61,22,-13,42,11:34:19,2nd Prostration
62,25,-16,41,11:34:20,2nd Prostration
63,26,-12,40,11:34:20,2nd Prostration
64,36,-41,49,11:34:21,2nd Prostration
65,12,-25,28,11:34:21,2nd Prostration
66,18,-25,44,11:34:22,2nd Prostration
67,30,-19,36,11:34:22,2nd Prostration
68,10,-12,29,11:34:23,Long Standing
69,48,-18,-17,11:34:23,Long Standing
70,44,-9,0,11:34:24,Long Standing
71,47,-13,0,11:34:25,Long Standing
72,47,-12,0,11:34:25,Long Standing
73,46,-17,4,11:34:26,Long Standing
74,48,-12,3,11:34:26,Long Standing
75,46,-12,3,11:34:27,Long Standing
76,48,-11,2,11:34:27,Long Standing
77,47,-11,2,11:34:28,Long Standing
78,48,-12,2,11:34:28,Long Standing
79,47,-12,2,11:34:29,Long Standing
80,50,-12,2,11:34:29,Long Standing
81,47,-11,3,11:34:30,Long Standing
82,47,-12,3,11:34:30,Long Standing
83,47,-13,2,11:34:31,Long Standing
84,48,-12,3,11:34:31,Long Standing
85,47,-12,1,11:34:32,Long Standing
86,47,-12,2,11:34:32,Long Standing
87,47,-12,2,11:34:33,Long Standing
88,47,-13,1,11:34:33,Long Standing
89,48,-11,3,11:34:34,Long Standing
90,47,-13,2,11:34:34,Long Standing
91,48,-11,3,11:34:35,Long Standing
92,47,-11,3,11:34:35,Long Standing
93,47,-11,2,11:34:36,Long Standing
94,47,-12,2,11:34:36,Long Standing
95,47,-11,4,11:34:37,Long Standing
96,48,-11,3,11:34:37,Long Standing
97,48,-11,2,11:34:38,Long Standing
98,47,-11,2,11:34:38,Long Standing
99,47,-12,2,11:34:39,Long Standing
100,47,-11,2,11:34:39,Long Standing
101,47,-12,1,11:34:40,Long Standing
102,47,-11,0,11:34:40,Long Standing
103,48,-11,0,11:34:41,Long Standing
104,46,-10,4,11:34:41,Long Standing
105,38,-19,26,11:34:42,Long Standing
106,24,-32,23,11:34:42,Long Standing
107,14,-48,-5,11:34:43,Long Standing
108,10,-43,-5,11:34:43,Long Standing
109,8,-49,-8,11:34:44,Bowing
110,6,-50,-6,11:34:44,Bowing
111,19,-37,13,11:34:45,Bowing
112,12,-40,26,11:34:46,Bowing
113,17,-37,27,11:34:46,Bowing
114,21,-39,45,11:34:47,Short Standing
115,18,-19,35,11:34:47,Short Standing
116,13,-21,41,11:34:48,Short Standing
117,13,-31,28,11:34:48,Short Standing
118,20,-7,43,11:34:49,1st Prostration
119,24,-13,42,11:34:49,1st Prostration
120,25,-12,42,11:34:50,1st Prostration
121,25,-12,42,11:34:50,1st Prostration
122,26,-12,40,11:34:51,1st Prostration
123,17,-4,34,11:34:52,Short Sitting
124,18,-16,45,11:34:52,Short Sitting
125,24,-39,27,11:34:53,Short Sitting
126,21,-11,45,11:34:53,Short Sitting
127,22,-16,43,11:34:54,2nd Prostration
128,22,-16,42,11:34:54,2nd Prostration
129,22,-16,42,11:34:55,2nd Prostration
130,22,-16,43,11:34:55,2nd Prostration
131,23,-10,43,11:34:56,2nd Prostration
132,14,-13,42,11:34:56,2nd Prostration
133,19,-17,43,11:34:57,Long Sitting
134,20,-19,43,11:34:57,Long Sitting
135,19,-18,43,11:34:58,Long Sitting
136,18,-18,44,11:34:58,Long Sitting
137,20,-17,43,11:34:59,Long Sitting
138,19,-18,44,11:34:59,Long Sitting
139,20,-17,43,11:35:00,Long Sitting
140,19,-18,44,11:35:00,Long Sitting
141,19,-16,43,11:35:01,Long Sitting
142,16,-19,44,11:35:01,Long Sitting
143,21,-18,42,11:35:02,Long Sitting
144,20,-17,43,11:35:02,Long Sitting
145,20,-17,44,11:35:03,Long Sitting
146,20,-16,43,11:35:03,Long Sitting
147,22,-15,43,11:35:04,Long Sitting
148,21,-16,43,11:35:04,Long Sitting
149,21,-15,43,11:35:05,Long Sitting
150,20,-15,43,11:35:05,Long Sitting
151,21,-15,43,11:35:06,Long Sitting
152,21,-16,43,11:35:06,Long Sitting
153,21,-15,43,11:35:07,Long Sitting
154,22,-15,43,11:35:07,Long Sitting
155,22,-15,43,11:35:08,Long Sitting
156,22,-15,43,11:35:08,Long Sitting
157,21,-15,44,11:35:09,Long Sitting
158,21,-15,43,11:35:09,Long Sitting
159,21,-15,44,11:35:10,Long Sitting
160,21,-14,44,11:35:10,Long Sitting
161,21,-15,44,11:35:11,Long Sitting
162,21,-15,43,11:35:11,Long Sitting
163,22,-15,43,11:35:12,Long Sitting
164,22,-14,43,11:35:12,Long Sitting
165,21,-14,43,11:35:13,Long Sitting
166,21,-15,43,11:35:13,Long Sitting
167,21,-14,43,11:35:14,Long Sitting
168,21,-14,43,11:35:14,Long Sitting
169,21,-14,43,11:35:15,Long Sitting
170,21,-15,44,11:35:15,Long Sitting
171,21,-14,43,11:35:16,Long Sitting
172,21,-14,43,11:35:16,Long Sitting
173,21,-14,44,11:35:17,Long Sitting
174,22,-14,44,11:35:17,Long Sitting
175,21,-14,43,11:35:18,Long Sitting
176,22,-14,43,11:35:18,Long Sitting
177,22,-14,43,11:35:19,StartEnd
178,22,-14,43,11:35:19,StartEnd
179,22,-14,44,11:35:20,StartEnd
180,0,-8,47,11:35:21,StartEnd
181,1,-7,50,11:35:21,StartEnd
