,angleX,angleY,angleZ,Time,Label
0,-2,41,25,12:09:05,Long Standing
1,-3,41,24,12:09:05,Long Standing
2,-3,41,25,12:09:06,Long Standing
3,-2,42,24,12:09:06,Long Standing
4,-3,42,23,12:09:07,Long Standing
5,-4,46,27,12:09:07,Long Standing
6,-33,-17,9,12:09:08,Long Standing
7,-15,-39,27,12:09:08,Long Standing
8,-14,-42,25,12:09:09,Long Standing
9,-15,-45,20,12:09:09,Long Standing
10,-49,0,3,12:09:10,Long Standing
11,-49,0,3,12:09:11,Long Standing
12,-49,0,3,12:09:11,Long Standing
13,-48,0,0,12:09:12,Long Standing
14,-49,1,0,12:09:12,Long Standing
15,-49,0,0,12:09:13,Long Standing
16,-49,0,1,12:09:13,Long Standing
17,-48,0,1,12:09:14,Long Standing
18,-50,0,2,12:09:14,Long Standing
19,-47,1,-1,12:09:15,Long Standing
20,-49,3,-2,12:09:15,Long Standing
21,-49,1,-2,12:09:16,Long Standing
22,-48,1,-2,12:09:16,Long Standing
23,-49,0,-2,12:09:17,Long Standing
24,-48,0,-1,12:09:17,Long Standing
25,-49,-1,-1,12:09:18,Long Standing
26,-48,-2,-2,12:09:18,Long Standing
27,-48,-1,-2,12:09:19,Long Standing
28,-48,0,-2,12:09:19,Long Standing
29,-48,0,-2,12:09:20,Long Standing
30,-49,-1,-2,12:09:20,Long Standing
31,-48,-1,-2,12:09:21,Long Standing
32,-48,0,-1,12:09:21,Long Standing
33,-49,-2,0,12:09:22,Long Standing
34,-48,0,-1,12:09:22,Long Standing
35,-49,-1,-1,12:09:23,Long Standing
36,-49,-1,-1,12:09:23,Long Standing
37,-49,0,-2,12:09:24,Long Standing
38,-34,31,16,12:09:24,Long Standing
39,-14,45,-2,12:09:25,Long Standing
40,-14,45,-2,12:09:26,Bowing
41,-8,41,11,12:09:26,Bowing
42,-18,39,19,12:09:27,Short Standing
43,-17,41,17,12:09:27,Short Standing
44,-17,41,17,12:09:28,Short Standing
45,-23,31,23,12:09:28,Short Standing
46,-12,-2,32,12:09:29,1st Prostration
47,-17,31,38,12:09:29,1st Prostration
48,-19,11,46,12:09:30,1st Prostration
49,-18,10,46,12:09:30,1st Prostration
50,-18,12,46,12:09:31,1st Prostration
51,-18,12,45,12:09:31,1st Prostration
52,-17,11,46,12:09:32,1st Prostration
53,-17,10,46,12:09:32,1st Prostration
54,-23,0,40,12:09:33,Short Sitting
55,-24,18,42,12:09:34,Short Sitting
56,-17,-2,46,12:09:34,Short Sitting
57,-22,26,41,12:09:35,2nd Prostration
58,-11,21,43,12:09:35,2nd Prostration
59,-14,18,44,12:09:36,2nd Prostration
60,-14,18,44,12:09:36,2nd Prostration
61,-12,18,45,12:09:37,2nd Prostration
62,-12,18,45,12:09:37,2nd Prostration
63,-15,33,40,12:09:38,2nd Prostration
64,-14,38,29,12:09:38,2nd Prostration
65,-14,33,37,12:09:39,2nd Prostration
66,-16,26,43,12:09:40,Long Standing
67,-46,-15,6,12:09:41,Long Standing
68,-49,-13,-1,12:09:41,Long Standing
69,-48,-11,0,12:09:42,Long Standing
70,-47,-12,0,12:09:42,Long Standing
71,-48,-12,0,12:09:43,Long Standing
72,-48,-12,0,12:09:43,Long Standing
73,-47,-11,-1,12:09:44,Long Standing
74,-48,-12,-1,12:09:44,Long Standing
75,-47,-12,-1,12:09:45,Long Standing
76,-47,-13,-1,12:09:45,Long Standing
77,-48,-12,-2,12:09:46,Long Standing
78,-47,-13,-1,12:09:46,Long Standing
79,-47,-13,0,12:09:47,Long Standing
80,-48,-14,-3,12:09:47,Long Standing
81,-48,-13,-2,12:09:48,Long Standing
82,-46,-13,-5,12:09:48,Long Standing
83,-47,-12,-3,12:09:49,Long Standing
84,-47,-12,-3,12:09:49,Long Standing
85,-47,-12,-3,12:09:50,Long Standing
86,-31,-4,12,12:09:50,Long Standing
87,-23,46,18,12:09:51,Bowing
88,-16,47,0,12:09:51,Bowing
89,-14,46,0,12:09:52,Bowing
90,-15,46,7,12:09:52,Bowing
91,-14,37,19,12:09:53,Short Standing
92,-16,41,19,12:09:53,Short Standing
93,-18,41,16,12:09:54,1st Prostration
94,-36,32,30,12:09:54,1st Prostration
95,-31,24,40,12:09:55,1st Prostration
96,-10,31,31,12:09:55,1st Prostration
97,-17,16,45,12:09:56,1st Prostration
98,-13,9,48,12:09:56,1st Prostration
99,-14,10,47,12:09:57,1st Prostration
100,-14,11,47,12:09:57,1st Prostration
101,-14,11,47,12:09:58,1st Prostration
102,-11,13,45,12:09:58,1st Prostration
103,-19,17,48,12:09:59,Short Sitting
104,-11,1,38,12:09:59,Short Sitting
105,-20,16,42,12:10:00,Short Sitting
106,-23,12,41,12:10:00,Short Sitting
107,-19,9,43,12:10:01,2nd Prostration
108,-21,21,44,12:10:01,2nd Prostration
109,-10,15,47,12:10:02,2nd Prostration
110,-12,14,47,12:10:02,2nd Prostration
111,-11,14,46,12:10:03,2nd Prostration
112,-11,15,46,12:10:03,2nd Prostration
113,-12,14,46,12:10:04,2nd Prostration
114,-13,15,46,12:10:04,2nd Prostration
115,-12,15,46,12:10:05,2nd Prostration
116,-9,14,47,12:10:05,2nd Prostration
117,-16,35,48,12:10:06,2nd Prostration
118,-9,-1,44,12:10:06,2nd Prostration
119,-15,19,43,12:10:07,Long Sitting
120,-21,16,42,12:10:07,Long Sitting
121,-21,14,43,12:10:08,Long Sitting
122,-21,14,44,12:10:08,Long Sitting
123,-20,13,44,12:10:09,Long Sitting
124,-22,12,43,12:10:09,Long Sitting
125,-21,13,44,12:10:10,Long Sitting
126,-20,13,44,12:10:10,Long Sitting
127,-20,13,43,12:10:11,Long Sitting
128,-20,13,44,12:10:11,Long Sitting
129,-20,13,44,12:10:12,Long Sitting
130,-19,13,44,12:10:12,Long Sitting
131,-19,13,44,12:10:13,Long Sitting
132,-20,13,44,12:10:13,Long Sitting
133,-20,13,44,12:10:14,Long Sitting
134,-20,13,44,12:10:14,Long Sitting
135,-20,13,44,12:10:15,Long Sitting
136,-20,12,44,12:10:15,Long Sitting
137,-20,12,44,12:10:16,Long Sitting
138,-20,13,44,12:10:16,Long Sitting
139,-20,13,44,12:10:17,Long Sitting
140,-20,12,44,12:10:17,Long Sitting
141,-21,12,45,12:10:18,Long Sitting
142,-20,12,44,12:10:18,Long Sitting
143,-20,13,44,12:10:19,Long Sitting
144,-20,13,44,12:10:19,Long Sitting
145,-19,13,43,12:10:20,Long Sitting
146,-19,13,44,12:10:20,Long Sitting
147,-20,13,44,12:10:21,Long Sitting
148,-19,13,44,12:10:21,Long Sitting
149,-20,13,44,12:10:22,Long Sitting
150,-21,13,44,12:10:22,Long Sitting
151,-21,14,43,12:10:23,StartEnd
152,-20,13,43,12:10:23,StartEnd
153,-20,13,44,12:10:24,StartEnd
154,-19,14,43,12:10:24,StartEnd
155,-16,17,43,12:10:25,StartEnd
156,-18,14,46,12:10:25,StartEnd
157,-18,14,44,12:10:26,StartEnd
158,-17,15,43,12:10:26,StartEnd
159,-19,14,43,12:10:27,StartEnd
160,-18,15,43,12:10:27,StartEnd
161,-28,19,42,12:10:28,StartEnd
162,-22,22,32,12:10:28,StartEnd
163,-21,19,44,12:10:29,StartEnd
164,-13,16,47,12:10:29,StartEnd
165,-13,15,45,12:10:30,StartEnd
