,angleX,angleY,angleZ,Time,Label
0,-11,6,49,12:17:51,StartEnd
1,-13,5,49,12:17:52,Long Standing
2,-14,17,39,12:17:52,Long Standing
3,-19,49,35,12:17:53,Long Standing
4,-4,39,21,12:17:53,Long Standing
5,-9,45,24,12:17:54,Long Standing
6,-18,-20,31,12:17:54,Long Standing
7,-16,-43,23,12:17:55,Long Standing
8,-7,-40,20,12:17:55,Long Standing
9,-50,-5,22,12:17:56,Long Standing
10,-48,-2,3,12:17:56,Long Standing
11,-46,-6,4,12:17:57,Long Standing
12,-48,-3,3,12:17:57,Long Standing
13,-49,-3,2,12:17:58,Long Standing
14,-49,-3,3,12:17:58,Long Standing
15,-48,-3,0,12:17:59,Long Standing
16,-48,-3,0,12:17:59,Long Standing
17,-48,-4,0,12:18:00,Long Standing
18,-49,-5,0,12:18:00,Long Standing
19,-49,-5,0,12:18:01,Long Standing
20,-48,-5,0,12:18:01,Long Standing
21,-49,-4,0,12:18:02,Long Standing
22,-48,-4,0,12:18:02,Long Standing
23,-49,-5,0,12:18:03,Long Standing
24,-49,-4,0,12:18:03,Long Standing
25,-49,-5,0,12:18:04,Long Standing
26,-48,-4,0,12:18:04,Long Standing
27,-49,2,-13,12:18:05,Long Standing
28,-37,7,-17,12:18:06,Long Standing
29,-47,8,-9,12:18:06,Long Standing
30,-46,10,-3,12:18:07,Long Standing
31,-46,6,0,12:18:07,Long Standing
32,-47,9,4,12:18:08,Long Standing
33,-14,44,-3,12:18:09,Bowing
34,-14,40,-7,12:18:09,Bowing
35,-12,47,3,12:18:10,Bowing
36,-15,38,10,12:18:10,Bowing
37,-8,40,20,12:18:11,Short Standing
38,-9,40,18,12:18:11,Short Standing
39,-13,43,16,12:18:12,Short Standing
40,-11,42,21,12:18:12,Short Standing
41,-16,33,11,12:18:13,Short Standing
42,-28,28,21,12:18:13,Short Standing
43,-24,17,41,12:18:14,1st Prostration
44,-19,33,35,12:18:14,1st Prostration
45,-18,16,48,12:18:15,1st Prostration
46,-17,13,47,12:18:15,1st Prostration
47,-18,13,45,12:18:16,1st Prostration
48,-22,12,47,12:18:16,1st Prostration
49,-19,19,40,12:18:17,1st Prostration
50,-24,7,45,12:18:17,1st Prostration
51,-17,15,45,12:18:18,1st Prostration
52,-11,21,50,12:18:18,1st Prostration
53,-17,10,43,12:18:19,Short Sitting
54,-29,12,40,12:18:19,Short Sitting
55,-19,13,45,12:18:20,Short Sitting
56,-13,4,46,12:18:20,Short Sitting
57,-10,24,38,12:18:21,2nd Prostration
58,-12,16,45,12:18:21,2nd Prostration
59,-11,16,47,12:18:22,2nd Prostration
60,-12,17,43,12:18:22,2nd Prostration
61,-12,17,46,12:18:23,2nd Prostration
62,-12,17,46,12:18:23,2nd Prostration
63,-13,16,47,12:18:24,2nd Prostration
64,-12,15,46,12:18:24,2nd Prostration
65,-17,20,48,12:18:25,2nd Prostration
66,-7,33,21,12:18:25,2nd Prostration
67,-15,40,31,12:18:26,Long Standing
68,-6,6,28,12:18:27,Long Standing
69,-47,0,9,12:18:28,Long Standing
70,-46,-4,7,12:18:28,Long Standing
71,-49,-5,9,12:18:29,Long Standing
72,-48,-5,8,12:18:29,Long Standing
73,-48,-5,7,12:18:30,Long Standing
74,-48,-3,5,12:18:30,Long Standing
75,-49,-4,6,12:18:31,Long Standing
76,-48,-4,6,12:18:31,Long Standing
77,-48,-4,5,12:18:32,Long Standing
78,-48,-4,6,12:18:32,Long Standing
79,-48,-4,5,12:18:33,Long Standing
80,-49,-4,4,12:18:33,Long Standing
81,-50,-5,4,12:18:34,Long Standing
82,-49,-3,4,12:18:34,Long Standing
83,-49,-4,4,12:18:35,Long Standing
84,-48,-4,5,12:18:35,Long Standing
85,-48,-5,6,12:18:36,Long Standing
86,-49,-6,10,12:18:36,Long Standing
87,-40,23,10,12:18:37,Bowing
88,-7,46,-2,12:18:38,Bowing
89,-9,46,10,12:18:38,Bowing
90,-9,38,14,12:18:39,Short Standing
91,-12,42,17,12:18:39,Short Standing
92,-9,39,16,12:18:40,Short Standing
93,-16,31,32,12:18:40,Short Standing
94,-6,4,46,12:18:41,1st Prostration
95,-14,49,32,12:18:41,1st Prostration
96,-10,14,47,12:18:42,1st Prostration
97,-11,10,48,12:18:42,1st Prostration
98,-9,13,47,12:18:43,1st Prostration
99,-10,14,47,12:18:43,1st Prostration
100,-10,13,46,12:18:44,1st Prostration
101,-8,12,48,12:18:44,1st Prostration
102,-17,28,47,12:18:45,2nd Prostration
103,-19,11,40,12:18:45,2nd Prostration
104,-21,16,40,12:18:46,2nd Prostration
105,-16,11,41,12:18:46,2nd Prostration
106,-24,2,40,12:18:47,2nd Prostration
107,-13,16,44,12:18:47,2nd Prostration
108,-10,15,45,12:18:48,2nd Prostration
109,-9,18,45,12:18:48,2nd Prostration
110,-9,19,46,12:18:49,2nd Prostration
111,-11,19,45,12:18:49,2nd Prostration
112,-9,19,46,12:18:50,2nd Prostration
113,-11,19,46,12:18:50,2nd Prostration
114,-18,29,47,12:18:51,2nd Prostration
115,-13,6,46,12:18:51,2nd Prostration
116,-14,17,47,12:18:52,Long Sitting
117,-16,13,46,12:18:52,Long Sitting
118,-15,11,45,12:18:53,Long Sitting
119,-15,12,46,12:18:53,Long Sitting
120,-14,14,45,12:18:54,Long Sitting
121,-12,14,47,12:18:54,Long Sitting
122,-12,21,44,12:18:55,Long Sitting
123,-15,16,46,12:18:55,Long Sitting
124,-15,14,45,12:18:56,Long Sitting
125,-15,14,45,12:18:56,Long Sitting
126,-14,14,45,12:18:57,Long Sitting
127,-13,14,47,12:18:57,Long Sitting
128,-13,14,46,12:18:58,Long Sitting
129,-16,13,46,12:18:58,Long Sitting
130,-16,12,46,12:18:59,Long Sitting
131,-18,8,47,12:18:59,Long Sitting
132,-14,25,30,12:19:00,Long Standing
133,-24,37,20,12:19:00,Long Standing
134,-20,31,33,12:19:01,Long Standing
135,-13,42,34,12:19:01,Long Standing
136,-8,-4,33,12:19:02,Long Standing
137,-49,-3,6,12:19:03,Long Standing
138,-48,-5,7,12:19:03,Long Standing
139,-48,-6,4,12:19:04,Long Standing
140,-49,-5,5,12:19:05,Long Standing
141,-49,-5,3,12:19:05,Long Standing
142,-49,-5,3,12:19:06,Long Standing
143,-49,-4,4,12:19:06,Long Standing
144,-49,-5,4,12:19:07,Long Standing
145,-48,-4,5,12:19:07,Long Standing
146,-48,-5,5,12:19:08,Long Standing
147,-48,-4,4,12:19:08,Long Standing
148,-48,-6,5,12:19:09,Long Standing
149,-48,-5,5,12:19:09,Long Standing
150,-48,-5,3,12:19:10,Long Standing
151,-48,-5,2,12:19:10,Long Standing
152,-48,-5,2,12:19:11,Bowing
153,-32,4,6,12:19:11,Bowing
154,-27,44,18,12:19:12,Bowing
155,-12,45,0,12:19:12,Bowing
156,-13,42,11,12:19:13,Bowing
157,-15,44,18,12:19:14,Short Standing
158,-11,42,15,12:19:14,Short Standing
159,-14,28,11,12:19:15,1st Prostration
160,-25,31,43,12:19:15,1st Prostration
161,-21,16,47,12:19:16,1st Prostration
162,-14,38,33,12:19:16,1st Prostration
163,-11,15,49,12:19:17,1st Prostration
164,-7,15,47,12:19:17,1st Prostration
165,-7,16,46,12:19:18,1st Prostration
166,-6,16,48,12:19:18,1st Prostration
167,0,17,46,12:19:19,Short Sitting
168,-14,20,48,12:19:19,Short Sitting
169,-16,10,43,12:19:20,Short Sitting
170,-12,16,45,12:19:20,Short Sitting
171,-12,18,45,12:19:21,2nd Prostration
172,-18,20,38,12:19:21,2nd Prostration
173,-5,16,38,12:19:22,2nd Prostration
174,-5,20,45,12:19:22,2nd Prostration
175,-5,22,45,12:19:23,2nd Prostration
176,-6,22,44,12:19:23,2nd Prostration
177,-4,21,45,12:19:24,2nd Prostration
178,-5,19,47,12:19:24,2nd Prostration
179,-10,27,28,12:19:25,Long Standing
180,-1,39,19,12:19:25,Long Standing
181,-4,45,17,12:19:26,Long Standing
182,1,33,41,12:19:26,Long Standing
183,-16,0,33,12:19:27,Long Standing
184,-47,0,21,12:19:28,Long Standing
185,-46,0,20,12:19:28,Long Standing
186,-46,2,19,12:19:29,Long Standing
187,-47,1,17,12:19:29,Long Standing
188,-47,2,17,12:19:30,Long Standing
189,-46,2,16,12:19:30,Long Standing
190,-44,4,10,12:19:31,Long Standing
191,-47,6,17,12:19:31,Long Standing
192,-45,10,11,12:19:32,Long Standing
193,-46,12,6,12:19:32,Long Standing
194,-47,10,10,12:19:33,Long Standing
195,-45,11,12,12:19:33,Long Standing
196,-44,5,15,12:19:34,Long Standing
197,-43,9,19,12:19:34,Long Standing
198,-42,5,21,12:19:35,Long Standing
199,-45,3,20,12:19:35,Long Standing
200,-44,3,25,12:19:36,Long Standing
201,-41,3,25,12:19:36,Long Standing
202,-42,1,29,12:19:37,Long Standing
203,-37,5,28,12:19:37,Long Standing
204,-16,49,7,12:19:38,Bowing
205,-3,49,-2,12:19:38,Bowing
206,-6,46,-4,12:19:39,Bowing
207,-8,47,-1,12:19:39,Bowing
208,-6,46,1,12:19:40,Short Standing
209,-4,44,9,12:19:40,Short Standing
210,4,36,17,12:19:41,1st Prostration
211,-10,45,18,12:19:41,1st Prostration
212,-13,47,15,12:19:42,1st Prostration
213,-3,35,14,12:19:42,1st Prostration
214,-13,28,43,12:19:43,1st Prostration
215,-10,30,38,12:19:43,1st Prostration
216,-9,20,47,12:19:44,1st Prostration
217,-7,14,48,12:19:44,1st Prostration
218,-6,17,47,12:19:45,1st Prostration
219,-7,17,46,12:19:45,1st Prostration
220,-8,17,47,12:19:46,Short Sitting
221,-7,14,47,12:19:46,Short Sitting
222,-6,14,48,12:19:47,Short Sitting
223,-13,28,39,12:19:47,Short Sitting
224,-1,-1,47,12:19:48,Short Sitting
225,-10,13,48,12:19:48,Short Sitting
226,-14,10,50,12:19:49,Short Sitting
227,-8,5,42,12:19:49,Short Sitting
228,-11,37,38,12:19:50,2nd Prostration
229,-14,21,43,12:19:50,2nd Prostration
230,-7,25,42,12:19:51,2nd Prostration
231,-8,23,43,12:19:51,2nd Prostration
232,-8,24,43,12:19:52,2nd Prostration
233,-8,24,42,12:19:52,2nd Prostration
234,-8,25,38,12:19:53,2nd Prostration
235,-11,24,42,12:19:53,2nd Prostration
236,-11,29,41,12:19:54,2nd Prostration
237,-4,11,38,12:19:54,2nd Prostration
238,-4,16,47,12:19:55,2nd Prostration
239,-6,12,48,12:19:55,2nd Prostration
240,-4,16,47,12:19:56,Long Sitting
241,-5,16,47,12:19:56,Long Sitting
242,-8,15,47,12:19:57,Long Sitting
243,-7,15,48,12:19:57,Long Sitting
244,-4,16,47,12:19:58,Long Sitting
245,-1,17,47,12:19:58,Long Sitting
246,-1,17,47,12:19:59,Long Sitting
247,-1,17,47,12:19:59,Long Sitting
248,-3,16,48,12:20:00,Long Sitting
249,-6,15,48,12:20:00,Long Sitting
250,-6,15,47,12:20:01,Long Sitting
251,-6,14,48,12:20:01,Long Sitting
252,-6,15,47,12:20:02,Long Sitting
253,-6,14,48,12:20:02,Long Sitting
254,-7,14,48,12:20:03,Long Sitting
255,-7,14,48,12:20:03,Long Sitting
256,-8,13,48,12:20:04,Long Sitting
257,-7,15,48,12:20:04,Long Sitting
258,-5,15,47,12:20:05,Long Sitting
259,-6,15,48,12:20:05,Long Sitting
260,-6,14,48,12:20:06,Long Sitting
261,-6,14,48,12:20:06,Long Sitting
262,-5,14,48,12:20:07,StartEnd
263,-5,14,48,12:20:07,StartEnd
264,-6,14,47,12:20:08,StartEnd
265,-6,14,48,12:20:08,StartEnd
266,-8,13,47,12:20:09,StartEnd
267,-8,11,48,12:20:09,StartEnd
268,-4,16,48,12:20:10,StartEnd
269,15,3,40,12:20:11,StartEnd
270,15,21,42,12:20:11,StartEnd
271,14,23,39,12:20:12,StartEnd
272,18,19,45,12:20:12,StartEnd
273,14,7,48,12:20:13,StartEnd
274,14,1,49,12:20:13,StartEnd
