,angleX,angleY,angleZ,Time,Label
0,-1,4,49,12:23:18,Long Standing
1,-6,-16,49,12:23:19,Long Standing
2,21,-44,7,12:23:19,Long Standing
3,-45,-7,15,12:23:20,Long Standing
4,-45,-13,13,12:23:20,Long Standing
5,-47,-15,9,12:23:21,Long Standing
6,-44,-23,12,12:23:21,Long Standing
7,-42,-24,12,12:23:22,Long Standing
8,-44,-21,9,12:23:22,Long Standing
9,-46,-20,8,12:23:23,Long Standing
10,-41,-22,16,12:23:23,Long Standing
11,-42,-24,15,12:23:24,Long Standing
12,-44,-20,10,12:23:24,Long Standing
13,-46,-20,5,12:23:25,Long Standing
14,-47,-20,6,12:23:25,Long Standing
15,-43,-22,12,12:23:26,Long Standing
16,-43,-21,12,12:23:26,Long Standing
17,-44,-22,10,12:23:27,Long Standing
18,-44,-21,9,12:23:27,Long Standing
19,-43,-22,9,12:23:28,Long Standing
20,-43,-22,10,12:23:28,Long Standing
21,-43,-22,10,12:23:29,Long Standing
22,-43,-22,11,12:23:29,Long Standing
23,-43,-22,12,12:23:30,Long Standing
24,-43,-22,11,12:23:30,Long Standing
25,-44,-21,9,12:23:31,Long Standing
26,-45,-18,5,12:23:31,Long Standing
27,-47,-16,1,12:23:32,Long Standing
28,-47,-16,1,12:23:32,Long Standing
29,-45,-21,6,12:23:33,Long Standing
30,-44,-21,7,12:23:33,Long Standing
31,-44,-21,10,12:23:34,Long Standing
32,-43,-22,11,12:23:34,Long Standing
33,-42,-22,11,12:23:35,Long Standing
34,-44,-21,8,12:23:35,Long Standing
35,-45,-21,9,12:23:36,Long Standing
36,-43,-23,12,12:23:36,Long Standing
37,-39,-21,16,12:23:37,Long Standing
38,-27,7,22,12:23:37,Long Standing
39,-15,46,-10,12:23:38,Bowing
40,-15,46,-9,12:23:39,Bowing
41,-14,42,-5,12:23:39,Bowing
42,-12,44,-12,12:23:40,Bowing
43,-7,32,11,12:23:41,Bowing
44,-1,46,12,12:23:41,Bowing
45,-7,41,16,12:23:42,Short Standing
46,-5,35,32,12:23:42,Short Standing
47,-20,44,27,12:23:43,1st Prostration
48,-20,32,35,12:23:44,1st Prostration
49,-26,25,46,12:23:44,1st Prostration
50,-24,10,44,12:23:45,1st Prostration
51,-22,13,43,12:23:46,1st Prostration
52,-23,13,42,12:23:46,1st Prostration
53,-24,13,41,12:23:47,1st Prostration
54,-25,13,42,12:23:47,1st Prostration
55,-24,13,43,12:23:48,1st Prostration
56,-21,30,29,12:23:48,1st Prostration
57,-18,32,31,12:23:49,Short Sitting
58,-6,30,36,12:23:49,Short Sitting
59,-9,29,39,12:23:50,2nd Prostration
60,-26,26,50,12:23:50,2nd Prostration
61,-20,15,45,12:23:51,2nd Prostration
62,-20,12,43,12:23:51,2nd Prostration
63,-20,13,44,12:23:52,2nd Prostration
64,-21,13,44,12:23:52,2nd Prostration
65,-19,15,47,12:23:53,2nd Prostration
66,-12,33,25,12:23:53,2nd Prostration
67,4,18,29,12:23:54,Long Standing
68,13,10,36,12:23:55,Long Standing
69,14,-2,38,12:23:55,Long Standing
70,13,-9,48,12:23:56,Long Standing
71,-24,-15,35,12:23:57,Bowing
72,-41,-6,24,12:23:57,Bowing
73,-45,-14,18,12:23:58,Bowing
74,-44,-17,8,12:23:58,Bowing
75,-46,-21,10,12:23:59,Bowing
76,-41,-21,12,12:23:59,Bowing
77,-40,-21,10,12:24:00,Bowing
78,-45,-20,12,12:24:00,Bowing
79,-45,-20,12,12:24:01,Bowing
80,-44,-21,13,12:24:01,Bowing
81,-42,-22,16,12:24:02,Bowing
82,-42,-22,16,12:24:02,Bowing
83,-41,-23,15,12:24:03,Bowing
84,-43,-21,12,12:24:03,Bowing
85,-26,-18,26,12:24:04,Bowing
86,-29,47,29,12:24:04,Bowing
87,-14,46,-10,12:24:05,Bowing
88,-12,43,-11,12:24:05,Bowing
89,-11,44,-10,12:24:06,Bowing
90,-16,46,-10,12:24:06,Bowing
91,-4,28,9,12:24:07,Short Standing
92,-1,40,13,12:24:08,Short Standing
93,4,25,13,12:24:08,Short Standing
94,-19,28,32,12:24:09,1st Prostration
95,-11,39,34,12:24:09,1st Prostration
96,-3,20,42,12:24:10,1st Prostration
97,-19,13,45,12:24:10,1st Prostration
98,-18,13,45,12:24:11,1st Prostration
99,-19,12,45,12:24:11,1st Prostration
100,-18,12,44,12:24:12,Short Sitting
101,-18,28,41,12:24:12,Short Sitting
102,-6,35,39,12:24:14,2nd Prostration
103,-12,16,48,12:24:14,2nd Prostration
104,-17,14,44,12:24:15,2nd Prostration
105,-17,13,45,12:24:15,2nd Prostration
106,-17,13,44,12:24:16,2nd Prostration
107,-17,21,46,12:24:16,2nd Prostration
108,-5,11,38,12:24:17,Long Sitting
109,0,24,43,12:24:17,Long Sitting
110,-8,22,45,12:24:18,Long Sitting
111,-5,24,44,12:24:18,Long Sitting
112,-4,24,44,12:24:19,Long Sitting
113,-5,25,43,12:24:19,Long Sitting
114,-5,24,43,12:24:20,Long Sitting
115,-5,24,43,12:24:20,Long Sitting
116,-4,25,43,12:24:21,Long Sitting
117,-5,24,43,12:24:21,Long Sitting
118,-5,24,43,12:24:22,Long Sitting
119,-5,24,43,12:24:22,Long Sitting
120,-4,24,43,12:24:23,Long Sitting
121,-4,24,43,12:24:23,Long Sitting
122,-5,24,43,12:24:24,Long Sitting
123,-5,24,43,12:24:24,Long Sitting
124,-5,24,43,12:24:25,Long Sitting
125,-5,24,43,12:24:25,Long Sitting
126,-5,24,43,12:24:26,Long Sitting
127,-4,24,43,12:24:26,Long Sitting
128,-5,25,43,12:24:27,Long Sitting
129,-4,25,43,12:24:27,Long Sitting
130,-4,25,43,12:24:28,Long Sitting
131,-4,25,43,12:24:28,Long Sitting
132,-4,25,43,12:24:29,Long Sitting
133,-5,24,43,12:24:29,Long Sitting
134,-4,25,43,12:24:30,Long Sitting
135,-4,25,43,12:24:30,Long Sitting
136,-4,25,43,12:24:31,Long Sitting
137,-4,24,43,12:24:31,Long Sitting
138,-5,24,43,12:24:32,Long Sitting
139,-4,25,43,12:24:32,Long Sitting
140,-4,25,43,12:24:33,Long Sitting
141,-4,25,44,12:24:33,Long Sitting
142,-4,24,44,12:24:34,StartEnd
143,2,28,40,12:24:34,StartEnd
144,-2,24,42,12:24:35,StartEnd
145,-4,24,46,12:24:35,StartEnd
